noise_std,trial_index,true_iae_zeta_0_15,true_iae_zeta_0_25,true_iae_zeta_0_4,true_iae_zeta_0_55,true_iae_zeta_0_707,true_iae_zeta_1,observed_iae_zeta_0_15,observed_iae_zeta_0_25,observed_iae_zeta_0_4,observed_iae_zeta_0_55,observed_iae_zeta_0_707,observed_iae_zeta_1
0.0,0,0.4020011638654445,1.1122567744946337,2.841651792819632,5.356588387757871,8.814562940646454,17.446507667872908,0.4020011638654445,1.1122567744946337,2.841651792819632,5.356588387757871,8.814562940646454,17.446507667872908
0.0,1,0.4020011638654445,1.1122567744946337,2.841651792819632,5.356588387757871,8.814562940646454,17.446507667872908,0.4020011638654445,1.1122567744946337,2.841651792819632,5.356588387757871,8.814562940646454,17.446507667872908
0.0,2,0.4020011638654445,1.1122567744946337,2.841651792819632,5.356588387757871,8.814562940646454,17.446507667872908,0.4020011638654445,1.1122567744946337,2.841651792819632,5.356588387757871,8.814562940646454,17.446507667872908
0.0,3,0.4020011638654445,1.1122567744946337,2.841651792819632,5.356588387757871,8.814562940646454,17.446507667872908,0.4020011638654445,1.1122567744946337,2.841651792819632,5.356588387757871,8.814562940646454,17.446507667872908
0.0,4,0.4020011638654445,1.1122567744946337,2.841651792819632,5.356588387757871,8.814562940646454,17.446507667872908,0.4020011638654445,1.1122567744946337,2.841651792819632,5.356588387757871,8.814562940646454,17.446507667872908
0.0,5,0.4020011638654445,1.1122567744946337,2.841651792819632,5.356588387757871,8.814562940646454,17.446507667872908,0.4020011638654445,1.1122567744946337,2.841651792819632,5.356588387757871,8.814562940646454,17.446507667872908
0.0,6,0.4020011638654445,1.1122567744946337,2.841651792819632,5.356588387757871,8.814562940646454,17.446507667872908,0.4020011638654445,1.1122567744946337,2.841651792819632,5.356588387757871,8.814562940646454,17.446507667872908
0.0,7,0.4020011638654445,1.1122567744946337,2.841651792819632,5.356588387757871,8.814562940646454,17.446507667872908,0.4020011638654445,1.1122567744946337,2.841651792819632,5.356588387757871,8.814562940646454,17.446507667872908
0.0,8,0.4020011638654445,1.1122567744946337,2.841651792819632,5.356588387757871,8.814562940646454,17.446507667872908,0.4020011638654445,1.1122567744946337,2.841651792819632,5.356588387757871,8.814562940646454,17.446507667872908
0.0,9,0.4020011638654445,1.1122567744946337,2.841651792819632,5.356588387757871,8.814562940646454,17.446507667872908,0.4020011638654445,1.1122567744946337,2.841651792819632,5.356588387757871,8.814562940646454,17.446507667872908
0.0,10,0.4020011638654445,1.1122567744946337,2.841651792819632,5.356588387757871,8.814562940646454,17.446507667872908,0.4020011638654445,1.1122567744946337,2.841651792819632,5.356588387757871,8.814562940646454,17.446507667872908
0.0,11,0.4020011638654445,1.1122567744946337,2.841651792819632,5.356588387757871,8.814562940646454,17.446507667872908,0.4020011638654445,1.1122567744946337,2.841651792819632,5.356588387757871,8.814562940646454,17.446507667872908
0.0,12,0.4020011638654445,1.1122567744946337,2.841651792819632,5.356588387757871,8.814562940646454,17.446507667872908,0.4020011638654445,1.1122567744946337,2.841651792819632,5.356588387757871,8.814562940646454,17.446507667872908
0.0,13,0.4020011638654445,1.1122567744946337,2.841651792819632,5.356588387757871,8.814562940646454,17.446507667872908,0.4020011638654445,1.1122567744946337,2.841651792819632,5.356588387757871,8.814562940646454,17.446507667872908
0.0,14,0.4020011638654445,1.1122567744946337,2.841651792819632,5.356588387757871,8.814562940646454,17.446507667872908,0.4020011638654445,1.1122567744946337,2.841651792819632,5.356588387757871,8.814562940646454,17.446507667872908
0.0,15,0.4020011638654445,1.1122567744946337,2.841651792819632,5.356588387757871,8.814562940646454,17.446507667872908,0.4020011638654445,1.1122567744946337,2.841651792819632,5.356588387757871,8.814562940646454,17.446507667872908
0.0,16,0.4020011638654445,1.1122567744946337,2.841651792819632,5.356588387757871,8.814562940646454,17.446507667872908,0.4020011638654445,1.1122567744946337,2.841651792819632,5.356588387757871,8.814562940646454,17.446507667872908
0.0,17,0.4020011638654445,1.1122567744946337,2.841651792819632,5.356588387757871,8.814562940646454,17.446507667872908,0.4020011638654445,1.1122567744946337,2.841651792819632,5.356588387757871,8.814562940646454,17.446507667872908
0.0,18,0.4020011638654445,1.1122567744946337,2.841651792819632,5.356588387757871,8.814562940646454,17.446507667872908,0.4020011638654445,1.1122567744946337,2.841651792819632,5.356588387757871,8.814562940646454,17.446507667872908
0.0,19,0.4020011638654445,1.1122567744946337,2.841651792819632,5.356588387757871,8.814562940646454,17.446507667872908,0.4020011638654445,1.1122567744946337,2.841651792819632,5.356588387757871,8.814562940646454,17.446507667872908
0.0,20,0.4020011638654445,1.1122567744946337,2.841651792819632,5.356588387757871,8.814562940646454,17.446507667872908,0.4020011638654445,1.1122567744946337,2.841651792819632,5.356588387757871,8.814562940646454,17.446507667872908
0.0,21,0.4020011638654445,1.1122567744946337,2.841651792819632,5.356588387757871,8.814562940646454,17.446507667872908,0.4020011638654445,1.1122567744946337,2.841651792819632,5.356588387757871,8.814562940646454,17.446507667872908
0.0,22,0.4020011638654445,1.1122567744946337,2.841651792819632,5.356588387757871,8.814562940646454,17.446507667872908,0.4020011638654445,1.1122567744946337,2.841651792819632,5.356588387757871,8.814562940646454,17.446507667872908
0.0,23,0.4020011638654445,1.1122567744946337,2.841651792819632,5.356588387757871,8.814562940646454,17.446507667872908,0.4020011638654445,1.1122567744946337,2.841651792819632,5.356588387757871,8.814562940646454,17.446507667872908
0.0,24,0.4020011638654445,1.1122567744946337,2.841651792819632,5.356588387757871,8.814562940646454,17.446507667872908,0.4020011638654445,1.1122567744946337,2.841651792819632,5.356588387757871,8.814562940646454,17.446507667872908
0.0,25,0.4020011638654445,1.1122567744946337,2.841651792819632,5.356588387757871,8.814562940646454,17.446507667872908,0.4020011638654445,1.1122567744946337,2.841651792819632,5.356588387757871,8.814562940646454,17.446507667872908
0.0,26,0.4020011638654445,1.1122567744946337,2.841651792819632,5.356588387757871,8.814562940646454,17.446507667872908,0.4020011638654445,1.1122567744946337,2.841651792819632,5.356588387757871,8.814562940646454,17.446507667872908
0.0,27,0.4020011638654445,1.1122567744946337,2.841651792819632,5.356588387757871,8.814562940646454,17.446507667872908,0.4020011638654445,1.1122567744946337,2.841651792819632,5.356588387757871,8.814562940646454,17.446507667872908
0.0,28,0.4020011638654445,1.1122567744946337,2.841651792819632,5.356588387757871,8.814562940646454,17.446507667872908,0.4020011638654445,1.1122567744946337,2.841651792819632,5.356588387757871,8.814562940646454,17.446507667872908
0.0,29,0.4020011638654445,1.1122567744946337,2.841651792819632,5.356588387757871,8.814562940646454,17.446507667872908,0.4020011638654445,1.1122567744946337,2.841651792819632,5.356588387757871,8.814562940646454,17.446507667872908
0.0,30,0.4020011638654445,1.1122567744946337,2.841651792819632,5.356588387757871,8.814562940646454,17.446507667872908,0.4020011638654445,1.1122567744946337,2.841651792819632,5.356588387757871,8.814562940646454,17.446507667872908
0.0,31,0.4020011638654445,1.1122567744946337,2.841651792819632,5.356588387757871,8.814562940646454,17.446507667872908,0.4020011638654445,1.1122567744946337,2.841651792819632,5.356588387757871,8.814562940646454,17.446507667872908
0.0,32,0.4020011638654445,1.1122567744946337,2.841651792819632,5.356588387757871,8.814562940646454,17.446507667872908,0.4020011638654445,1.1122567744946337,2.841651792819632,5.356588387757871,8.814562940646454,17.446507667872908
0.0,33,0.4020011638654445,1.1122567744946337,2.841651792819632,5.356588387757871,8.814562940646454,17.446507667872908,0.4020011638654445,1.1122567744946337,2.841651792819632,5.356588387757871,8.814562940646454,17.446507667872908
0.0,34,0.4020011638654445,1.1122567744946337,2.841651792819632,5.356588387757871,8.814562940646454,17.446507667872908,0.4020011638654445,1.1122567744946337,2.841651792819632,5.356588387757871,8.814562940646454,17.446507667872908
0.0,35,0.4020011638654445,1.1122567744946337,2.841651792819632,5.356588387757871,8.814562940646454,17.446507667872908,0.4020011638654445,1.1122567744946337,2.841651792819632,5.356588387757871,8.814562940646454,17.446507667872908
0.0,36,0.4020011638654445,1.1122567744946337,2.841651792819632,5.356588387757871,8.814562940646454,17.446507667872908,0.4020011638654445,1.1122567744946337,2.841651792819632,5.356588387757871,8.814562940646454,17.446507667872908
0.0,37,0.4020011638654445,1.1122567744946337,2.841651792819632,5.356588387757871,8.814562940646454,17.446507667872908,0.4020011638654445,1.1122567744946337,2.841651792819632,5.356588387757871,8.814562940646454,17.446507667872908
0.0,38,0.4020011638654445,1.1122567744946337,2.841651792819632,5.356588387757871,8.814562940646454,17.446507667872908,0.4020011638654445,1.1122567744946337,2.841651792819632,5.356588387757871,8.814562940646454,17.446507667872908
0.0,39,0.4020011638654445,1.1122567744946337,2.841651792819632,5.356588387757871,8.814562940646454,17.446507667872908,0.4020011638654445,1.1122567744946337,2.841651792819632,5.356588387757871,8.814562940646454,17.446507667872908
0.0,40,0.4020011638654445,1.1122567744946337,2.841651792819632,5.356588387757871,8.814562940646454,17.446507667872908,0.4020011638654445,1.1122567744946337,2.841651792819632,5.356588387757871,8.814562940646454,17.446507667872908
0.0,41,0.4020011638654445,1.1122567744946337,2.841651792819632,5.356588387757871,8.814562940646454,17.446507667872908,0.4020011638654445,1.1122567744946337,2.841651792819632,5.356588387757871,8.814562940646454,17.446507667872908
0.0,42,0.4020011638654445,1.1122567744946337,2.841651792819632,5.356588387757871,8.814562940646454,17.446507667872908,0.4020011638654445,1.1122567744946337,2.841651792819632,5.356588387757871,8.814562940646454,17.446507667872908
0.0,43,0.4020011638654445,1.1122567744946337,2.841651792819632,5.356588387757871,8.814562940646454,17.446507667872908,0.4020011638654445,1.1122567744946337,2.841651792819632,5.356588387757871,8.814562940646454,17.446507667872908
0.0,44,0.4020011638654445,1.1122567744946337,2.841651792819632,5.356588387757871,8.814562940646454,17.446507667872908,0.4020011638654445,1.1122567744946337,2.841651792819632,5.356588387757871,8.814562940646454,17.446507667872908
0.0,45,0.4020011638654445,1.1122567744946337,2.841651792819632,5.356588387757871,8.814562940646454,17.446507667872908,0.4020011638654445,1.1122567744946337,2.841651792819632,5.356588387757871,8.814562940646454,17.446507667872908
0.0,46,0.4020011638654445,1.1122567744946337,2.841651792819632,5.356588387757871,8.814562940646454,17.446507667872908,0.4020011638654445,1.1122567744946337,2.841651792819632,5.356588387757871,8.814562940646454,17.446507667872908
0.0,47,0.4020011638654445,1.1122567744946337,2.841651792819632,5.356588387757871,8.814562940646454,17.446507667872908,0.4020011638654445,1.1122567744946337,2.841651792819632,5.356588387757871,8.814562940646454,17.446507667872908
0.0,48,0.4020011638654445,1.1122567744946337,2.841651792819632,5.356588387757871,8.814562940646454,17.446507667872908,0.4020011638654445,1.1122567744946337,2.841651792819632,5.356588387757871,8.814562940646454,17.446507667872908
0.0,49,0.4020011638654445,1.1122567744946337,2.841651792819632,5.356588387757871,8.814562940646454,17.446507667872908,0.4020011638654445,1.1122567744946337,2.841651792819632,5.356588387757871,8.814562940646454,17.446507667872908
0.0,50,0.4020011638654445,1.1122567744946337,2.841651792819632,5.356588387757871,8.814562940646454,17.446507667872908,0.4020011638654445,1.1122567744946337,2.841651792819632,5.356588387757871,8.814562940646454,17.446507667872908
0.0,51,0.4020011638654445,1.1122567744946337,2.841651792819632,5.356588387757871,8.814562940646454,17.446507667872908,0.4020011638654445,1.1122567744946337,2.841651792819632,5.356588387757871,8.814562940646454,17.446507667872908
0.0,52,0.4020011638654445,1.1122567744946337,2.841651792819632,5.356588387757871,8.814562940646454,17.446507667872908,0.4020011638654445,1.1122567744946337,2.841651792819632,5.356588387757871,8.814562940646454,17.446507667872908
0.0,53,0.4020011638654445,1.1122567744946337,2.841651792819632,5.356588387757871,8.814562940646454,17.446507667872908,0.4020011638654445,1.1122567744946337,2.841651792819632,5.356588387757871,8.814562940646454,17.446507667872908
0.0,54,0.4020011638654445,1.1122567744946337,2.841651792819632,5.356588387757871,8.814562940646454,17.446507667872908,0.4020011638654445,1.1122567744946337,2.841651792819632,5.356588387757871,8.814562940646454,17.446507667872908
0.0,55,0.4020011638654445,1.1122567744946337,2.841651792819632,5.356588387757871,8.814562940646454,17.446507667872908,0.4020011638654445,1.1122567744946337,2.841651792819632,5.356588387757871,8.814562940646454,17.446507667872908
0.0,56,0.4020011638654445,1.1122567744946337,2.841651792819632,5.356588387757871,8.814562940646454,17.446507667872908,0.4020011638654445,1.1122567744946337,2.841651792819632,5.356588387757871,8.814562940646454,17.446507667872908
0.0,57,0.4020011638654445,1.1122567744946337,2.841651792819632,5.356588387757871,8.814562940646454,17.446507667872908,0.4020011638654445,1.1122567744946337,2.841651792819632,5.356588387757871,8.814562940646454,17.446507667872908
0.0,58,0.4020011638654445,1.1122567744946337,2.841651792819632,5.356588387757871,8.814562940646454,17.446507667872908,0.4020011638654445,1.1122567744946337,2.841651792819632,5.356588387757871,8.814562940646454,17.446507667872908
0.0,59,0.4020011638654445,1.1122567744946337,2.841651792819632,5.356588387757871,8.814562940646454,17.446507667872908,0.4020011638654445,1.1122567744946337,2.841651792819632,5.356588387757871,8.814562940646454,17.446507667872908
0.02,0,1.4772741035203658,1.2310433734466142,2.8095725853835374,5.323499291467934,8.782124486951876,17.417227445798435,2.8586522350179737,2.7304690165772234,3.4450869272064306,5.46093187171132,8.81951894434096,17.443338089991165
0.02,1,1.468962638873014,1.3775062470925648,2.9280015997505426,5.442565780988652,8.90052786358855,17.529753268438213,2.7993500882962388,2.7573810085300825,3.450878947469498,5.47220026803809,8.827226459220276,17.45067749482285
0.02,2,1.4015797974194943,1.2655433341117082,2.8502338003898373,5.361846080997684,8.819757950023696,17.451518411471067,2.755289837701962,2.6735054231345754,3.4178955132645537,5.449218740876965,8.812527498270706,17.440296586106005
0.02,3,1.7365898113863567,1.2549760751499428,2.808228656919894,5.325594574957284,8.784919839530168,17.419847632601982,2.9591091077952734,2.727787325522791,3.4755743207176977,5.486603122969319,8.832456677831342,17.462150221584963
0.02,4,1.3528218309831712,1.2494290650012418,2.8710304732928993,5.389035965745061,8.848421572749466,17.48043895586504,2.7638902557172944,2.6286173120879104,3.399747853160205,5.461752010546803,8.837102910921931,17.465787194520132
0.02,5,1.3610194452175528,1.2454434414703373,2.8509691212954262,5.3652338248203515,8.823464830048115,17.45155659019549,2.778544734551024,2.691741660703748,3.419389989806406,5.452995023482879,8.82283003741827,17.445465338253207
0.02,6,1.3487711052721494,1.3134189664538753,2.9823710130698062,5.501751834179928,8.959538428066296,17.585492313638937,2.763638804288693,2.6828049034753185,3.4665834055328846,5.487761788356227,8.833094719805368,17.456061027101434
0.02,7,1.391267057822048,1.161308680102016,2.7754453836868853,5.286148629120684,8.741855969225139,17.37616801539462,2.7578100185205097,2.669784171953835,3.4421765315890367,5.479769839480983,8.825726828416798,17.452622662490757
0.02,8,1.4903434263638449,1.2674405904900214,2.788709601747307,5.3057240167369235,8.76323788385918,17.394132506300238,2.765393325491217,2.6752189220285607,3.4306025604981603,5.466578272926522,8.815281851835264,17.442756019150004
0.02,9,1.426973833608021,1.2146495002482882,2.8081701436230606,5.3280255367231835,8.790137755043961,17.42702892733294,2.799538817152346,2.665243492843642,3.4367654262178147,5.4646463525255955,8.836095135681438,17.46795605807008
0.02,10,1.3587946418713575,1.2137355824188396,2.7679893052742925,5.282737909474509,8.739480314464974,17.367136850435884,2.631282180524025,2.5944147636179973,3.3581741784869092,5.449268920064192,8.814197843517956,17.436962424899264
0.02,11,1.4097768089392204,1.112081580445709,2.6770157423910668,5.195895702627081,8.655524141771124,17.287898722864348,2.748328961636317,2.6459398023899445,3.4136584043576965,5.463180822696394,8.820561542864551,17.448448548452312
0.02,12,1.4760951336436823,1.2559621522789781,2.778511644051213,5.292495202911132,8.748755934504237,17.382025278355847,2.82913711598719,2.7409793947387717,3.474302475468594,5.4849430809211865,8.823628720843823,17.448822416100846
0.02,13,1.4743116359075632,1.2238070490666262,2.8294539366976443,5.346682335480248,8.807674472807665,17.43970194749602,2.793233943734318,2.661152485003005,3.4289039120744866,5.458018042365394,8.833349033163584,17.45698932448003
0.02,14,1.4243144079374228,1.321662591412182,2.8784448631033612,5.394574461608597,8.849797758986938,17.47720419983765,2.7283888559506178,2.68898971624495,3.434431694670682,5.455940015469947,8.827986373205896,17.454342156251506
0.02,15,1.217185550132863,1.1731033971894336,2.8038242006662317,5.315801883760265,8.770765163937517,17.4014571715556,2.69550767723693,2.6222804845016547,3.4210131886670263,5.463582071254813,8.817652261912103,17.444336062561852
0.02,16,1.489758098133515,1.2951382032216197,2.8878859402950816,5.401235577048059,8.857131728793117,17.485043466066422,2.8899105044283644,2.7396081689315714,3.448523133646309,5.463462969016878,8.819538281010978,17.443049082125768
0.02,17,1.4113904157838535,1.2702214368459568,2.8427629959604075,5.356169679454046,8.814468566897965,17.446629457134126,2.8311380453171173,2.711569950611532,3.4788397253325787,5.483823596345673,8.820687607094456,17.443610888544043
0.02,18,1.536123435215152,1.226248555279244,2.8354483093254776,5.35333260211037,8.810196568671273,17.43981602238393,2.8445156916142658,2.6842572073665596,3.450634887904075,5.470921635940767,8.825463715772951,17.44718365686996
0.02,19,1.4253983025524692,1.316072134394052,2.7995232604156843,5.3132112844258135,8.769853410290352,17.398540829161377,2.7962133966614173,2.773575380853769,3.4825610819437447,5.481738306181594,8.816236412590092,17.438418242207185
0.02,20,1.37621705329421,1.2104557378353298,2.7703619213206485,5.292618720100442,8.75456518551655,17.391126610416045,2.7106663192841736,2.6884308682430325,3.433673320680674,5.453032483342637,8.829984788127707,17.46331158700363
0.02,21,1.384378417650721,1.2235352986800356,2.836775168785138,5.353371692952417,8.81165867793652,17.442381377122807,2.7266973824839673,2.6242863547607174,3.406229797883857,5.466962770210983,8.831388741617403,17.455173586860255
0.02,22,1.2871132544930308,1.189095261479622,2.726050303004916,5.24275325359693,8.703032776065424,17.33348589805688,2.6959182568348057,2.661117077612843,3.396870764305274,5.446746777720458,8.824392841241202,17.45351866225222
0.02,23,1.44407833964779,1.2871498005882018,2.8267748700033524,5.3392943250615605,8.796249508355393,17.427366987006117,2.8520391531700278,2.773642668931158,3.483159241993302,5.483241254949127,8.82361094555895,17.45245543631104
0.02,24,1.3851390830543373,1.343882900371823,2.9030072528714523,5.419434408751092,8.878652188179794,17.511335442373287,2.743234116972916,2.6334391120075105,3.4553202717882603,5.481272102468983,8.83018253499693,17.46136782889435
0.02,25,1.3186453380452363,1.1983963871877608,2.78319033263673,5.2958408508079815,8.753095190861918,17.388293199081332,2.733922269312039,2.654907602773786,3.4208015454105727,5.4583613031840095,8.818521843298608,17.4499689642293
0.02,26,1.5727574372634818,1.3148139315233474,2.8898614239975324,5.406843968301905,8.863146914322714,17.489768583035936,2.9080561996208285,2.7510394752867047,3.467873211602182,5.471982876876362,8.832617043323898,17.452690982077065
0.02,27,1.4289783200216533,1.2223566553348448,2.7868196014143667,5.306494834886118,8.765445886094886,17.397749423257004,2.7561626273601223,2.6319767841340287,3.4026747642464548,5.459804748425186,8.830932736709356,17.459549547716414
0.02,28,1.5368673221421467,1.284355716731925,2.7964711353964944,5.312201956559715,8.769611292587346,17.40125974380202,2.809637266355638,2.7099810963678452,3.4219211872275253,5.467044107173605,8.82949729007634,17.454299796849543
0.02,29,1.3003626202491954,1.2586272675729266,2.8194222615426137,5.3309911474602645,8.785912050307486,17.41326004210205,2.668267245960128,2.657772574543399,3.434278513574511,5.4725980192138,8.828703555451217,17.450028409348356
0.02,30,1.3067183938923617,1.3144649513834523,2.883697966679782,5.397761511058276,8.852849926833414,17.47845249524201,2.801101597154707,2.750303053852516,3.5073337897108274,5.506852596997769,8.840082703898485,17.458563715730172
0.02,31,1.4472552120391327,1.3257115549192169,2.907652761430291,5.42242847789341,8.88033786863025,17.512050738122873,2.766328497085341,2.696579772205367,3.426382394014615,5.459053344634271,8.814083120499,17.442985118825515
0.02,32,1.3106154103128123,1.2324169804563634,2.846713228123274,5.358508701556259,8.812399879048268,17.44078228175331,2.7259534520531434,2.675872946367029,3.437553049165932,5.447278463067963,8.809316604728597,17.437436367650047
0.02,33,1.3907448070245056,1.1759779689947805,2.750613568298191,5.268122142783778,8.728050499824151,17.36530274935281,2.7462855937091195,2.697628788357511,3.397939186637947,5.440524230119486,8.826984965276402,17.462843052860634
0.02,34,1.4202350506848682,1.3113661126439813,2.9314160617789837,5.4497741066148855,8.911520694315922,17.546637684866297,2.767459310142499,2.6815587314196243,3.440890039071983,5.46818645350681,8.830935113483445,17.460605802119666
0.02,35,1.4080191015269643,1.280524405178996,2.8597041886201002,5.375749576713345,8.836726936144434,17.476195257016844,2.7087837629575247,2.6774975133413568,3.386553272369791,5.44163788738247,8.825974627303754,17.462879062133503
0.02,36,1.431350299203699,1.1901201442061318,2.804225863762353,5.317710685418296,8.772584634704069,17.400687518761583,2.752097230017033,2.6853807012089765,3.427958781071937,5.464460556052037,8.828089507775779,17.450862991200108
0.02,37,1.4746564296582068,1.2544125327906124,2.8459910806539233,5.358911185727661,8.817409667920925,17.45307087050394,2.7530581747785203,2.6714756117001874,3.432886447484578,5.475014641873036,8.828807879853112,17.457642226936606
0.02,38,1.3857343258981405,1.2916182756533843,2.8767870746587088,5.396562463447047,8.857141112288328,17.489894306858204,2.7868737168135116,2.7095207807575656,3.4634368100860686,5.473689621791762,8.830580555661445,17.460897377091936
0.02,39,1.4690688992901237,1.268074786195428,2.7606899640683102,5.2711423099354375,8.728830773812856,17.36404045619016,2.839856528892205,2.815241955418427,3.4793277920246855,5.4604264325387115,8.821479324530733,17.451754395036396
0.02,40,1.3854981171670038,1.3183523150684882,2.901832837380322,5.417123886589408,8.875437301315676,17.50964598970335,2.7064942162687666,2.657703426375932,3.437725608834224,5.4767574733891315,8.838747549674583,17.468336905614017
0.02,41,1.418288365470802,1.2611518393006165,2.7851548852808143,5.298603383250478,8.756276735084795,17.38598412179569,2.795680994387323,2.7009249519872673,3.4463419247204152,5.480174469149107,8.830528010112427,17.452735251439215
0.02,42,1.5269426637410297,1.186217612455418,2.7582060699863336,5.27383327515183,8.733487583708495,17.36685241839656,2.7860336460398347,2.646950575474379,3.3943306571727314,5.453884794953571,8.822662750555736,17.45409241624912
0.02,43,1.4337919304942077,1.2454305438126054,2.801094039163692,5.313299302521628,8.770874145988797,17.402640874273565,2.786074559893756,2.7122848587820636,3.4284367382870036,5.450538077421198,8.815621637494782,17.441887197386592
0.02,44,1.398332966088645,1.251548713214414,2.812072658279756,5.334523885795166,8.798381470735631,17.43425054465085,2.7652807062594014,2.677857082077287,3.445174644272723,5.472451134540016,8.834674893590389,17.462593126066437
0.02,45,1.4947148663167384,1.34840941646015,2.8718861242559113,5.388972551288697,8.845504432847111,17.472706375218078,2.8996399804095008,2.804630905857181,3.5285535860306925,5.498501077700663,8.830445910001963,17.44860219613752
0.02,46,1.3085963886888121,1.2923518163736643,2.8894600875763654,5.39982915799005,8.856292036068048,17.486637665654165,2.684416811975506,2.6662104494011403,3.4371667538422472,5.450792172270461,8.820330885052716,17.447378306842467
0.02,47,1.461337332139033,1.3105118871842298,2.911481557155448,5.424980787706918,8.883451126215007,17.51586547061438,2.7847613759623933,2.663245506705318,3.4366657783694756,5.46588909656385,8.825457799176172,17.455527533980266
0.02,48,1.355735011664032,1.2743151381287436,2.8887102934587103,5.407721160695569,8.868134419268806,17.50352733158489,2.776580913226573,2.6886526090175735,3.4650644102473773,5.480792137582782,8.836650725800684,17.466923768831073
0.02,49,1.5233626932575162,1.295082189669937,2.860507289771335,5.372663735000224,8.82759728181763,17.452691528513668,2.7973351538693985,2.71577804558714,3.4392141748220655,5.443009922244977,8.81068061559844,17.434112586657655
0.02,50,1.4596188457657033,1.1586165592352788,2.770867925247681,5.285552425749083,8.744997491722273,17.380209375850363,2.854324288673749,2.697082010165672,3.421124529463499,5.457790165974661,8.828702874460399,17.46070384628846
0.02,51,1.4307498705394317,1.226244945069114,2.827383701126581,5.344837137941614,8.805496403294761,17.43944817314896,2.8224819021920418,2.705562296381555,3.454522070344512,5.477290072921283,8.834361184587229,17.464825683136688
0.02,52,1.463102965934542,1.1861311716377094,2.739813160522045,5.2562508552085365,8.713778148666531,17.343477424996635,2.82344105918901,2.675188706953671,3.4283576842588617,5.459504333236319,8.827680663340354,17.448996654030697
0.02,53,1.4637514409831938,1.2577033281898462,2.8334282159775164,5.347635700659184,8.80424555392843,17.436700388300068,2.8177066420604655,2.7162199856039377,3.473023963334851,5.482370096428495,8.8324925863831,17.45904683110392
0.02,54,1.5233716630234582,1.267889996049882,2.903602972350147,5.417550807417398,8.872287448719332,17.497469469772547,2.899407564313247,2.705910557965219,3.4446719875476908,5.461637144478161,8.81498152542334,17.435684482724533
0.02,55,1.3840645583182596,1.2488083017090146,2.755382810927231,5.26836760213407,8.725965992493714,17.362286360206873,2.7314855345868456,2.650292865882573,3.4319761827861264,5.453272449494024,8.825203011225447,17.456617172004826
0.02,56,1.5543285954561425,1.301879642690917,2.8853876077850877,5.404424781823378,8.864245450352806,17.498322369073993,2.842863862092222,2.741712323266799,3.4637216545598832,5.465787340132058,8.83058640705614,17.46212146988933
0.02,57,1.4553604885128801,1.262725155119716,2.8644652056744953,5.383849142207417,8.843679762226126,17.47611912700029,2.822431100184345,2.7276826986038816,3.4828700611398435,5.493220462156511,8.84104989946691,17.465523143597995
0.02,58,1.3858300971630912,1.289162563101465,2.8841285005361685,5.3953403907150355,8.852829718212227,17.48467427970964,2.788611884035772,2.7265764353485786,3.4178197723556947,5.457327601148586,8.823987799611356,17.452454877370023
0.02,59,1.4303133613450119,1.222005263155547,2.78405267044378,5.298335562002227,8.754524088034447,17.38289916295429,2.7753970109371346,2.6594313471933897,3.4119225350452727,5.466720658695687,8.827188486728492,17.450862425950817
0.04,0,2.748766829672129,1.9423694960897675,2.8614516268325305,5.359643573813971,8.822828818717367,17.456550724960287,5.466691826942826,5.152028187429857,5.368116578347932,6.575005022736951,9.199834681618526,17.479855801959367
0.04,1,2.5856239684484406,1.728910734881444,2.8470671920278283,5.364218964605378,8.824042461753836,17.45114337589498,5.392642166515726,5.06096771847064,5.380440096768094,6.630641245356376,9.257285367444185,17.467082366871022
0.04,2,2.9610562202766224,1.8874509671448698,2.9602424533473033,5.471050847701068,8.936097623527155,17.571610062355166,5.602701878976782,5.140696764903904,5.376677703598577,6.586913696005706,9.231807418007463,17.501341568271812
0.04,3,2.7684847876941236,1.868953397001889,2.935787883301579,5.4224687636590065,8.885420328782445,17.525382453300743,5.385156734804046,4.9437318577179585,5.254548489240557,6.5509420328548025,9.20636147334227,17.494991574170818
0.04,4,2.672121301926566,1.9307805291684472,2.911739661168511,5.382398529353317,8.834931284863423,17.462603414785914,5.525815938688924,5.211557504452127,5.5306917539221985,6.722502664159136,9.283538609862148,17.488107517877715
0.04,5,2.809474338813184,1.7535474028753397,2.6409911207699857,5.156654299283655,8.610658243894939,17.238645324958476,5.585062548352013,5.206926469954197,5.46677772358333,6.702218976848188,9.264718017797474,17.49476253364685
0.04,6,2.7363077607857824,2.0174412395459016,3.0718250333281842,5.590954987167939,9.054943545321647,17.688872129823924,5.413242774824132,5.063050399116288,5.340284887542931,6.575748552749436,9.19780779384379,17.470340433467413
0.04,7,2.7223810744617998,1.7711466516005663,2.8137536079886196,5.31400002970896,8.770681747409647,17.405795094187653,5.538031359868341,5.14399342896978,5.469979854394809,6.651866045623857,9.229133116417453,17.46843138340634
0.04,8,2.6990935856690044,1.8307248478581144,2.8838982366445203,5.399690223793845,8.85687651394742,17.487182748701393,5.325812341610213,4.967070747063138,5.2780410026176074,6.559422747072851,9.20266041391074,17.48861023391726
0.04,9,2.9418816468005122,1.833625587985142,2.890762286060906,5.393270168639942,8.847355237682397,17.479107522016154,5.614090472931509,5.095717484792699,5.409260607515776,6.657352574517386,9.265884097360736,17.46608731195159
0.04,10,2.811548678783301,1.8185088090180304,3.0103045187362323,5.530868463970851,8.987690962648053,17.60801080280985,5.453165255461559,4.928554074077049,5.266493942027373,6.571737879957059,9.225424493684574,17.47382555702289
0.04,11,2.543699122124056,1.8295175839850548,2.800590916128865,5.277870054730283,8.729351726820326,17.360779815584397,5.433940834819953,5.179975924840519,5.445993348479075,6.643423290904799,9.233008385189628,17.44651573580007
0.04,12,2.5754528329278754,1.8803471621322694,2.88726182903365,5.396252826631187,8.858937851991076,17.494838476810806,5.327611213357832,5.058052694103326,5.35104742526592,6.5410467790699975,9.176095992669845,17.48083830066706
0.04,13,2.793719748894926,1.954971420493362,2.803618102217019,5.296417611884677,8.758067686300478,17.395693827349398,5.309638201462471,5.0483123751329275,5.359849206082547,6.610720497214981,9.247201357799055,17.488351526045655
0.04,14,2.6151099001215368,1.760261199278159,2.7539160882115317,5.196543943946505,8.650513456890586,17.28678682117524,5.5033884207240265,5.186340968339136,5.472660462947431,6.707660295978756,9.26042371830312,17.480658262120954
0.04,15,2.947137602154342,1.7563839674225499,2.9353813639321995,5.4515582403512095,8.90818539014403,17.54087966989843,5.5392769314578905,5.076137609724956,5.3332309805384135,6.562934688075327,9.20597671158615,17.495998139314104
0.04,16,2.92373690809224,1.7825706542758344,2.880377238892676,5.380894875346622,8.846774713335074,17.48760932652415,5.583174814244055,5.215273440945451,5.4483565908666,6.667147168545674,9.291348126623717,17.523993418172527
0.04,17,2.565511508913213,1.9391458760014295,3.0949861188825096,5.6059222988131925,9.063791270726451,17.69051383563984,5.458074123685988,5.094972274763721,5.45325071072398,6.654193014147733,9.218894978849065,17.475205021250147
0.04,18,2.9867421090079675,2.00849200135622,3.038009901151022,5.534743011620453,8.99048061656855,17.61579467923115,5.652526488397674,5.208172223852828,5.434902714152093,6.67910544830101,9.272374770368037,17.476845271825017
0.04,19,2.908263876269699,1.8967909790986544,2.8764246901242805,5.364588045880442,8.817942122782696,17.440909958453503,5.64785077378381,5.238100249776585,5.524715707815989,6.720680910594346,9.272102259039073,17.468025279685286
0.04,20,2.9536581856608617,1.939161737770787,2.7054978980947313,5.207305146112665,8.663611694808045,17.2902114677036,5.651499082204245,5.260686248343105,5.5112972378306235,6.688063565260013,9.23823001686809,17.45381981653502
0.04,21,2.6500742687246275,2.046602463095752,3.0234634140622028,5.5142951990212,8.96275761601148,17.576625669105933,5.375957171909367,5.000028483862334,5.332524447027476,6.5718251053687915,9.20102666124031,17.430762690364872
0.04,22,2.7045920840757764,1.853087541568676,2.9548098120535577,5.465503293631598,8.927822115239696,17.572963102425547,5.465603467678486,5.049730714231119,5.3378490419152955,6.547841430815958,9.172214667712955,17.47201440264657
0.04,23,2.655749631036373,1.7857818546716846,2.7921292618191202,5.303361351030778,8.769145958388187,17.410514343131013,5.444116964506492,5.094723459713276,5.381921099683725,6.642353348799652,9.248268623073784,17.491818310447417
0.04,24,2.698154767349754,1.7886394823156657,2.8128790287347947,5.307833257678363,8.764898330825257,17.39620392773287,5.44507699682194,5.133276033390004,5.39972462852879,6.62279997524874,9.225901630447613,17.465072386030077
0.04,25,2.8659871564953314,1.721538287527728,2.85727774286602,5.354733418310993,8.813950176007825,17.444951214821664,5.620228441388322,5.140239504862475,5.411925949377977,6.636306506646882,9.215366741833332,17.47366927188626
0.04,26,2.7141153286560433,1.7659288504018869,2.807369445219808,5.313551096597697,8.770042445169167,17.398066399312007,5.484076865417411,5.072063008380725,5.388273152748564,6.602991067401484,9.220114196619468,17.482175641345577
0.04,27,2.7736261175915873,1.750531423908829,2.74388819552106,5.198382624466756,8.655044271339236,17.288173213937185,5.506001369612619,5.2197053416495045,5.528357330529109,6.699669584934913,9.239736950137193,17.481622383333974
0.04,28,2.5640176777825863,1.8714227015502103,2.777537173212713,5.293372489616397,8.754507193802853,17.389496454798703,5.210382639837418,4.97276784728872,5.246545211704666,6.498979098124675,9.14147598923567,17.465391928532007
0.04,29,2.521419001848105,1.8336695800096088,2.681392000782719,5.193623216849831,8.65333930172247,17.29163518908603,5.326955361416858,5.07211624704617,5.411788062399973,6.6277714864564246,9.218349902438105,17.46695289386583
0.04,30,2.4601685502240485,1.7555298427623638,2.8588322888857,5.366511227718755,8.822218841542917,17.452677638252204,5.424921009098327,5.099427651323804,5.423448594509091,6.648851745107281,9.258840419521103,17.475188476602895
0.04,31,2.393482370739873,1.941514844843618,3.0389898838639744,5.546425598272506,8.997723078367589,17.61999427122285,5.2818460733015336,5.056679668597276,5.341619326334089,6.550771869829606,9.17925663669796,17.45872366704274
0.04,32,2.7237918217091015,1.8846185289166053,2.6634312719420175,5.154609575627564,8.615980879577142,17.257258736163074,5.34617318820696,5.04469638449416,5.329832059161451,6.557534929285769,9.205169560540146,17.484926701583568
0.04,33,3.1096666447371772,1.9826351828607967,2.7938042500177636,5.310531428666949,8.772139916219222,17.402361474030194,5.804059745920059,5.292976014806168,5.510770457397538,6.686389215404946,9.28444533901196,17.50138966264786
0.04,34,2.7538401746200543,1.9925021160903515,2.8582051028018247,5.367169264546691,8.827208768435188,17.468072430138033,5.452254607509138,5.165046977240625,5.428106472408331,6.625418101405733,9.18777615150999,17.463563771040427
0.04,35,2.669430100577503,1.801429306097624,2.6446191854572763,5.143584751532315,8.60068776492757,17.23505360484696,5.58067859452708,5.180991630814748,5.450694130328551,6.677262915020951,9.27469772499666,17.479677400755826
0.04,36,2.6107711557355744,1.8411994463096513,2.785642881682678,5.281029950259141,8.742214950804197,17.379777506257113,5.366509048621733,5.112172890134341,5.409581639298661,6.621338552137615,9.210703836215197,17.478063068383385
0.04,37,2.658233176377931,1.664648687535713,2.7598296635212094,5.252701444110718,8.712712396194672,17.347629434477703,5.478451084340443,5.098007153233098,5.37946299216245,6.625852441337761,9.262432432434519,17.476754495543005
0.04,38,2.5753304207723833,1.6974294914692103,2.8506817488417906,5.359657101200909,8.815753001362319,17.4484557392382,5.575687501961908,5.137035752884847,5.4464890848832495,6.657381086474301,9.228034076516177,17.480483896062374
0.04,39,2.391760504840008,1.6278199346256952,2.873867616590381,5.387345763247873,8.8451183951526,17.477995380744385,5.231197653624751,4.901967689251751,5.288613962474034,6.579299088433958,9.224604440484427,17.501583331508044
0.04,40,2.8770670803897653,1.9789227216863798,3.0446665827180186,5.561195898908931,9.021553454506986,17.646202690181354,5.694670185753597,5.269479738932692,5.476665515557109,6.65658263835913,9.232385923905609,17.47888431751442
0.04,41,2.762456928330983,1.7519684959008899,2.7028097866090466,5.2117821524161165,8.66534811855022,17.298228202887366,5.432840388408051,5.12943008949904,5.385031491642337,6.568627749297411,9.172928024296226,17.469061504061905
0.04,42,2.759165833009847,1.7389721962885047,2.823767619267121,5.324646916855248,8.780278246112864,17.408976023642907,5.562417672190968,5.080293431851945,5.334742729405115,6.557175833701068,9.180302583428245,17.472648323918413
0.04,43,2.6724311285404294,1.862057215718986,2.9398250568409585,5.4451171832151175,8.907579627566792,17.551528115324793,5.4388344971857965,5.065790566876922,5.337217932127052,6.579553414654708,9.219318663428556,17.49831954150096
0.04,44,2.5327545969015186,1.7626695675972837,2.7948314221798762,5.312669034553955,8.773609239030622,17.41041236639461,5.45790255775722,5.081701227247837,5.4101986077607425,6.641428804188732,9.263523116336934,17.471959910276283
0.04,45,2.6441112829829247,1.768912552343413,2.8068017649745682,5.323323285986065,8.784507226917368,17.420207148326195,5.4829960079111455,5.033550374306417,5.305782360414625,6.548444605703446,9.16048325764318,17.473046192894497
0.04,46,2.932330041315655,1.9949730211078425,2.842282845817277,5.338453659395892,8.797165545596707,17.43348122983042,5.607874813789594,5.23457086831144,5.479262340136312,6.676188721137388,9.278961325422863,17.50402249802152
0.04,47,2.8658099363282874,1.739599308088264,2.7015737448119372,5.2186639991892765,8.681318377622988,17.321458906075865,5.521990175527115,5.085951599624102,5.370556719633445,6.6230466054262305,9.225307729041337,17.49274641206996
0.04,48,2.356816025241047,1.8870637849789391,3.024937402181273,5.54004108666269,8.999420690026046,17.629398610363488,5.2654519535183155,5.0684242641294315,5.3657845464050045,6.623850556150213,9.247014979677834,17.466809098305916
0.04,49,2.7771380421562166,1.8535343125586654,2.9144110866276063,5.418943404031136,8.879675371324183,17.515944377088793,5.546462899038266,5.2014441637693976,5.509142765291967,6.701591895339769,9.271244754783705,17.488561784689345
0.04,50,2.6514288817006486,2.0533680363870266,2.8802275186096273,5.384222330303388,8.839997209350889,17.470334566910523,5.349051452052404,5.154539957993212,5.431345580688717,6.672356528345889,9.244750933254146,17.47126592594745
0.04,51,2.676238527561279,1.854420790157405,2.78779647348483,5.282009756777666,8.746923600443704,17.386273232820876,5.470363207282814,5.105776395614285,5.3972207479702625,6.6089993895940955,9.240793189206517,17.500882620626648
0.04,52,2.6506925865380992,1.9794402587315245,2.897393980069893,5.408789995939723,8.876468088252821,17.520396164088595,5.542414383691992,5.210883936506123,5.433988827760076,6.62715387514198,9.244708463484127,17.50591526943597
0.04,53,2.5938114198569346,1.8502793839144385,2.7328754392115924,5.2423034684782595,8.710829204346423,17.3635023549557,5.55382442373805,5.258378467017025,5.481277694997507,6.666383394885024,9.271621329156662,17.521554390894423
0.04,54,2.8601337574835557,1.8160252349912573,2.978568353330113,5.493510141045224,8.953827226249688,17.587774828564584,5.60755154926307,5.182096884399381,5.439458547802617,6.6361993163447215,9.225234529348748,17.478432018785327
0.04,55,2.895817609641051,1.9000814435356006,2.8182858266152393,5.32543343015429,8.775339617538645,17.396649641042636,5.636094005784386,5.2850479716341585,5.484311591889755,6.665650241412758,9.241909092975117,17.444392081507324
0.04,56,2.6053113872269527,2.0367681935818043,2.8361307124630812,5.344981369918912,8.804445952925857,17.437469901666176,5.315214605095678,5.0361963658623115,5.354420931968922,6.5645860903045605,9.189316084181389,17.500205288430983
0.04,57,2.834450025708638,1.9446500592853386,2.8996616425734354,5.392789449571531,8.849297337603318,17.474114133390927,5.5880141176912055,5.065525971027867,5.354735562141095,6.596964758200215,9.239480911097848,17.483747096029994
0.04,58,2.7078949408078317,1.9163915239312128,2.780422380817882,5.271699032067701,8.726429606969244,17.356963309975487,5.493897776044479,5.145845668615177,5.4487039280493414,6.6403335676829105,9.213433459664731,17.4759289808253
0.04,59,2.793786807421311,1.7836307618118308,2.7659869246939155,5.226296286447574,8.697118408601135,17.34821651198156,5.433427453658536,4.999751247117038,5.282588113859701,6.528215495213982,9.16525090504784,17.47802973340667
0.08,0,5.638910633728891,3.5811293543772575,3.4297527304775954,5.680368887031331,9.128089214666579,17.73805466472099,11.121188887551478,10.369563606947647,10.156956438696136,10.685851581911274,12.131395063792649,18.30962408845238
0.08,1,5.567341714877417,2.974173175098078,2.8960318595540615,5.186922041786847,8.633768757325699,17.247860769925317,11.066400054485243,10.081478460925387,10.001442745822475,10.600114671043267,12.131397938584463,18.363127316227192
0.08,2,5.2814381797666545,3.1225390663901185,2.9877094326991527,5.151423769834793,8.609778602647193,17.26039394821811,10.813206619565939,9.99429553378356,9.893639578516627,10.47841819028935,12.00968386705212,18.325775120013077
0.08,3,5.469801746543705,3.547597320049716,3.1427648442254976,5.407135554728428,8.864892660885747,17.498179878338497,10.779582795140136,10.295705547306225,10.055534127795184,10.588779745748656,12.077802227227771,18.281312499587536
0.08,4,5.488780099926464,3.459412809126065,3.311388288166029,5.380144181451614,8.818123576444247,17.46653309640598,10.716228869524274,9.892901701924696,9.924439843770669,10.503251632668473,12.017663487243375,18.25639246322352
0.08,5,4.97653026340865,3.1923459352623698,3.2204539753810044,5.5078189408064375,8.975254200232353,17.614528156777872,10.719829060876528,9.939388806709426,9.930986959656455,10.52682559871034,12.073068821553578,18.367276755508392
0.08,6,5.92355617133922,3.197961137125107,3.236458437882481,5.5144008824322786,8.966595701691485,17.596935098297635,11.44739003924826,10.208050137843468,10.15772784406806,10.76436422701814,12.23032912501374,18.32232156397382
0.08,7,5.188940874997575,3.4526645124754776,3.5234040276214733,5.723906991916363,9.176421234343048,17.785855540977668,11.121246728323584,10.42799874691222,10.401977483660463,10.906057217481628,12.298771158885708,18.372646088826034
0.08,8,5.2435152990608245,3.06746710150332,3.091554356689177,5.407986891112092,8.864604184604735,17.49562939724882,10.750775249972634,9.930105721042786,9.854479045625851,10.487290257245373,12.061405264541715,18.373705080321706
0.08,9,5.85124302235975,3.5586832009507727,3.3978378167663794,5.594647511596355,9.03933688382033,17.64761267928706,10.901122984694869,9.979129936487448,9.840384311463218,10.358927517720925,11.872013182269663,18.087992224466205
0.08,10,5.24642763059922,3.2633287408797917,3.061255939104244,5.294788691499404,8.766580771616404,17.418368892111776,10.768723590143784,10.004235722169414,9.895694819746472,10.476847884698724,11.987557100839945,18.24756816152516
0.08,11,5.343780805591244,3.1079821889751056,2.823044567022588,5.011764628793668,8.465064545640768,17.10083045066134,11.056466657880529,10.004689348182785,9.95852503546891,10.521543832046678,12.044291505439347,18.31702398778974
0.08,12,5.573009950422999,3.345563024989511,3.1596638912818156,5.315190754311184,8.7710802452709,17.413028597387104,11.243372299211343,10.12708248107423,10.11018901599095,10.648787164250395,12.082642396322534,18.296806257390784
0.08,13,5.1930629946475255,3.4759757761921475,3.3921635708184223,5.551882471652582,9.005363410506867,17.637980074524073,10.650024455478842,10.0750614700478,10.0077085211923,10.617325096664551,12.158632565192143,18.367201470302472
0.08,14,5.876032982075634,3.823948996437161,3.38972584850613,5.644545496871903,9.089658103632111,17.73328564858404,11.283265206231537,10.58942669245894,10.336494767741035,10.874905526934949,12.320204591093145,18.456202091928155
0.08,15,5.752052471331483,3.4562751493621446,3.5098970081296272,5.816297263209888,9.270986153671466,17.907998026820486,11.34183398841612,10.352523799040979,10.332701248563659,10.924458840269718,12.3892287841355,18.381812930462466
0.08,16,4.885695790235998,3.2690365752133967,3.2464731381784784,5.446011058290489,8.904360212615478,17.537890794248028,10.734646674373614,9.936451871439704,9.94122598388717,10.515770856182643,12.013631318219769,18.253060168335626
0.08,17,5.586377491566994,3.5246720316794655,3.1287780952313886,5.298411109726396,8.763434829291262,17.407149601538045,11.09136311667426,10.358791799996759,10.210746565138605,10.727682121975489,12.215799912764165,18.347830012655436
0.08,18,5.407483120421976,3.3133322072072913,3.2433421778293416,5.22361449006987,8.667308115121049,17.290586877054498,10.742715259854371,9.705017962600836,9.697895468572819,10.380098133538722,11.951347403885222,18.237837721673962
0.08,19,5.445193637129097,3.3660322636738202,3.5056294428465806,5.739779917902116,9.192240085856728,17.81672142520508,10.834161359913566,9.88515786791466,9.801376384975264,10.492706639722407,12.054832414805599,18.268058439698027
0.08,20,4.973436642140538,3.4497047857507397,3.1733475431517766,5.253744806822179,8.725248583338235,17.37053339436482,10.887253688248432,10.215186257345493,10.17433980719343,10.724887609812024,12.223147885002284,18.39474435368595
0.08,21,5.079747101503864,3.9622971119011634,3.164372086338725,5.031233377968274,8.471271829594729,17.1245913959172,10.875683646521544,10.311464595548369,10.251717101345811,10.781695693635287,12.249028553750618,18.354812786493646
0.08,22,5.821137097032924,3.4980671597769772,3.056614069570344,5.100327035773,8.564502192060841,17.208206272240133,11.279434206093285,10.39507042588068,10.205961567594077,10.750245133229402,12.20179627283423,18.290606365105553
0.08,23,5.82055555543532,3.5323793437282216,3.219671441295469,5.411008281807152,8.85903665822067,17.478440655966573,11.049670984586857,10.272971098582378,10.099995346725631,10.646577547178374,12.08450145733919,18.30632084339606
0.08,24,5.35569962139893,2.993704535412837,3.195097876778035,5.540529789350274,8.996644327876153,17.63241995575408,10.889213947961672,10.02353031594172,9.983297544261303,10.573318072011963,12.117284919726657,18.367595988002627
0.08,25,5.678444974315525,3.2112552986153275,2.9678491960773585,5.121775053348902,8.577948433815283,17.217161937239435,11.143578714117687,10.213500136811145,10.129503817792273,10.755543187918217,12.2967617653355,18.445671494402077
0.08,26,5.339347360416948,3.4449674646737836,3.1401367408556435,5.407543385171779,8.873901602985928,17.517769810767973,10.922241580814147,10.184209718956282,10.048847162533999,10.6983269061442,12.206201864353869,18.383514336955592
0.08,27,5.359984764123368,3.0566232760927425,3.167625791030936,5.253661025656289,8.715628225325828,17.363538619041087,11.249482551099094,10.243892119594644,10.243797376386157,10.835819440830955,12.336363377579724,18.47597038224257
0.08,28,5.621597386055783,3.5652226618573595,3.408272510663527,5.577336802563009,9.038495143077867,17.670366533723698,11.002996318986272,10.230494135639834,10.114720908021786,10.671198554676545,12.147335210949748,18.34495431467925
0.08,29,5.71560419145851,3.390040194343124,3.206349003434947,5.3762081066878284,8.84473257394561,17.49667747041457,11.10790603481961,10.176350464972849,10.075941199569378,10.622881567907093,12.112857074341015,18.299038445935164
0.08,30,5.770654965303698,3.421300400870548,3.2300196409313653,5.33868023500658,8.804519564269025,17.43801248365342,11.106434305057842,10.03568994510749,9.93715853551722,10.551832041889261,12.093183532664193,18.296461820035542
0.08,31,5.2244957811821084,3.375115601915111,3.079013726958645,5.276145069809186,8.71864693496615,17.325769251085006,10.81988379015086,10.079471150146999,10.032969972334769,10.570272822191246,12.0150333014316,18.274670744448063
0.08,32,4.928784830300753,3.277675927661088,3.159308184772648,5.339483597829505,8.789778930139171,17.41782655821994,10.516253485678503,9.747419217960356,9.788021386780073,10.41794917435167,11.974956814675293,18.25901589451609
0.08,33,5.121385960246174,3.2989158129376293,3.323453151803602,5.513262226038819,8.965463290844022,17.5835968020563,10.470938578920503,9.982363227949062,9.935195903796396,10.485846136817685,11.999313166388042,18.254455525499026
0.08,34,5.2622966270947025,3.7075565772949206,3.258406197099254,5.357145086074882,8.796796522285902,17.399488021986006,10.674939388125967,10.03749319950931,9.923462710011513,10.498219330090006,12.02105843581791,18.261285375654552
0.08,35,5.513305973675616,3.616869732018655,3.446731533596605,5.500615006758049,8.956601565254921,17.59099187774806,11.126727524668961,10.287572465819752,10.21795807664913,10.69434216538016,12.096908308604002,18.232957281538894
0.08,36,5.996476464788358,3.339483532011573,3.0097481440622813,5.099285092382846,8.556468489446427,17.191910160596777,10.997714476305712,10.020477352296734,9.866533385026257,10.438710071881616,11.962706907908483,18.233182517927588
0.08,37,5.489707674814296,3.396464726850432,3.2029232459247194,5.402219725714193,8.861585388088422,17.495811938386368,11.199230544252803,10.213400749294054,10.17483073694586,10.750864469274013,12.225344256203552,18.333742482767853
0.08,38,4.914123132686966,3.16135272640454,3.0605172850149724,5.235192784692733,8.69827370804222,17.32821675889729,10.78014685526539,9.959834553152533,9.97457039936335,10.6202780599203,12.20548353251162,18.434506544132937
0.08,39,5.6308434218817345,3.339539065030326,3.4504315289377656,5.590910832664835,9.048214988972822,17.675403147021477,11.043509978340682,9.888731420383186,9.849709394828473,10.401633733294316,11.963176704210806,18.358372757453175
0.08,40,5.906431232849108,3.278345191975073,3.441246228688522,5.804969307751143,9.260585795787167,17.88192300800058,11.213776703700027,10.17129281780701,10.064391217566756,10.65085674691418,12.185959328134565,18.252465265718662
0.08,41,5.201303324777335,3.221000740425905,2.7703245870908546,4.82822820123615,8.275322666562868,16.884115380310206,10.657751421110746,9.960050600428477,9.889445490502467,10.497739692708498,12.030991240425951,18.266446628340226
0.08,42,5.626587609146442,3.4952800830558424,3.3559403264544105,5.600780728886463,9.042265342922796,17.65802512840846,11.076583378710627,10.240036651024239,10.214641933870045,10.793094706987178,12.259912481413021,18.32863928909084
0.08,43,5.578246591614192,3.5549969463963134,3.0922142968796154,5.436806897191303,8.899067611898626,17.53310967687957,10.953921955248116,10.210228776114391,10.039743260580426,10.558183070298464,12.04987499168123,18.34814772744747
0.08,44,5.150448989997093,2.9198150597317065,3.095670453901013,5.315782383373661,8.769712884664722,17.409134218273216,10.838085629951625,10.042412538943603,9.883350350515297,10.488285299450972,12.069011075979628,18.292117323788233
0.08,45,5.317926071900363,3.244394244217032,3.515841806300765,5.96724493846553,9.426135791698453,18.04479042278852,10.955072976478988,10.152357574964693,9.988828105906158,10.563242728109628,12.06624214511525,18.334761287953988
0.08,46,5.964055711797462,3.537787095895358,2.7006100188225712,4.8645880474919405,8.328642348967058,16.970367979060487,11.143169233102974,10.176435352213732,10.01744306534334,10.63968490599881,12.17234611260406,18.35264818664495
0.08,47,6.057994093632361,3.531012611620379,3.1494605953145065,5.265048266258957,8.731231517421657,17.36061026703002,11.344072362315039,10.262404930756425,10.178082708600702,10.729509808685073,12.183065102864813,18.332035305668402
0.08,48,5.668003174266813,3.201394144161082,3.303655525019643,5.505978636088159,8.962274154171043,17.59833866184413,11.141561697290637,10.033358733701046,10.01541799157129,10.569521182775798,12.07145243307961,18.362540091867977
0.08,49,5.945637736126912,3.8207392809061425,3.298002604113741,5.437947478615637,8.892847224389905,17.519086051284216,11.312053915457241,10.48493916915165,10.39680744325834,10.998569402973345,12.48626673726216,18.482528302444855
0.08,50,5.751892014897256,3.2242613297567653,3.0933770299248606,5.2983816302473,8.756292664513094,17.390566205477498,11.376166760068898,10.319703114979955,10.2192219096173,10.75207728823385,12.25672551637797,18.446558117704488
0.08,51,5.618826498805122,3.2710828503691856,3.0780528369521605,5.129611360227318,8.577998271416362,17.214944217987767,11.461676597607415,10.444873325188762,10.350247429427814,10.909370573402043,12.403319948852484,18.509852010472112
0.08,52,5.739192025173329,3.778006826035778,3.1538424555468403,5.205698846053009,8.671273000009357,17.306029680070566,11.161977985181831,10.399525225495758,10.208656432848793,10.754712342126115,12.255886242967124,18.403457087031494
0.08,53,5.5851452575950775,3.3853087394163683,3.3755916568726043,5.590044135317169,9.049335917494561,17.686357631912237,10.89599676608467,10.016874432029969,9.914847416257059,10.482189027932117,11.975192909226973,18.244253807158586
0.08,54,5.777953897018554,3.071620863272008,2.917913140289518,4.975559714811244,8.368793449214861,16.990078284960212,11.327411471729587,10.207096178500636,10.085506867253237,10.710814996419774,12.22523095354983,18.37274189994844
0.08,55,5.7239516200472735,3.3133352606692625,3.139383583948182,5.262438368186597,8.71012986468637,17.345339354483528,11.083108182910468,10.084701742133188,10.012808843870594,10.650648831758676,12.158931289384833,18.34660092687451
0.08,56,5.064105550693649,3.140267845150136,3.2845226824304428,5.458449163112869,8.904862705812265,17.524457152444683,10.69855454118465,10.011471754394737,9.982381007960104,10.604751672648689,12.103606058102422,18.297319350564177
0.08,57,5.9915564447019465,3.567252659735192,3.394995713963115,5.613966318362717,9.061306522991625,17.691379666224577,11.102592738682114,10.106260365953938,9.908171599936342,10.464425376046753,11.992058260544963,18.264068804939022
0.08,58,5.760634833907188,3.3449338043169106,3.333308420592545,5.443290882190565,8.91924727014877,17.584264318094124,11.33414847847625,10.233478213421165,10.127092900525259,10.693350161029407,12.217173609346188,18.42515782243689
0.08,59,5.703351460809924,3.5482854502728416,3.3340365574840645,5.517454126313626,8.964630091266756,17.631031910086552,11.144494399235676,10.259887108968567,10.100178705769752,10.69901918966007,12.197063961004291,18.441272065666777
0.12,0,7.97465574922672,5.121306675563563,3.980460597578687,5.269416260780684,8.615416715156886,17.244238143041578,16.322749751730406,15.269792698375209,14.910504651157126,15.24006773156043,16.211891506030543,20.6903582647238
0.12,1,7.098564179420835,4.401629817164336,3.3109556909255593,5.1166110118917105,8.573555934566341,17.199095640540953,15.625793711350045,14.700949851705396,14.285037294730145,14.515599579916966,15.543225437363624,20.35694317435262
0.12,2,8.009455907401243,5.544111463026361,4.489120060693091,5.878348168717163,9.209511350160419,17.82129152300503,16.312867326195455,15.387309021076511,15.123649356504743,15.395858579764202,16.358160620199648,20.89200540564105
0.12,3,8.006428659536684,5.082401157967809,4.1457499820396215,5.7055046278069135,9.057528768581445,17.656939277053382,15.976282343195267,14.768039752538268,14.396158179811525,14.72389421682061,15.781356881204047,20.475402592653225
0.12,4,8.652381525904612,5.596824492518092,4.129307756764046,5.540153678108027,9.005528884843782,17.66344136022446,16.3303378736051,15.101696384043136,14.768811614221779,15.001090745172483,15.977900114739338,20.696732949973466
0.12,5,8.837448393602308,5.306196732251856,4.052969193892149,5.939596343591218,9.378093355199002,17.98514755202824,16.396284891840907,14.996741177183077,14.602011821945577,14.867354655781089,15.841639833981283,20.388969060612844
0.12,6,8.6130785706485,5.473620566414966,3.8740292644601917,5.4929459616776,8.931967448403533,17.559659188831898,16.73132964374718,15.772098278652713,15.23143979223981,15.463195393273462,16.38842066772218,20.82781553840445
0.12,7,7.7064243494601,5.045607782755997,4.249590348735319,5.502651287519446,8.891092913107169,17.49459483467762,16.19567021655903,14.98795683168698,14.888452335738346,15.161398935184273,16.174756890285387,20.731635124768903
0.12,8,8.269500136097069,5.075900603422497,4.186768057007474,5.89591313648529,9.325573013923728,17.93969510523615,16.385087165919103,14.889671601428805,14.635737883457299,14.96701893906845,15.981855696620208,20.619311926676694
0.12,9,7.652975702660365,5.0994972329365496,4.25234714158692,5.656593152201032,9.044762205079575,17.659075127233706,15.884600063866376,14.875200215668062,14.557900845979116,14.974771220251224,16.04382934069083,20.658046630387688
0.12,10,8.390978138602186,5.0904175549502835,4.040339909520775,5.546003066355129,8.88073308567677,17.483554333700276,16.74391023599325,15.478924654300734,15.192320040273533,15.50325519875941,16.47746654429865,20.913482906062733
0.12,11,7.072675433698171,4.322537822899035,3.474977734139569,5.0604669291971245,8.42990027180247,17.09316588967895,15.541044216613933,14.564024382545032,14.373078165411439,14.689496443320666,15.774142873390478,20.574184060048502
0.12,12,8.157657565898951,5.066834332048408,3.886769224893217,5.203677504553038,8.510152096168047,17.13087132067256,16.2669802155783,15.295360785061412,14.96816718462538,15.278327876718029,16.3066718064635,20.938620287339386
0.12,13,8.363291862038414,5.637273368502395,3.8722264962278827,5.252357584244507,8.62728724204039,17.210824642047267,16.465190698002324,15.54387630172792,15.083576377859561,15.324838719165852,16.27561035409576,20.76832354009536
0.12,14,7.7610325157714755,4.88596622861422,3.960272277459618,5.3546684360680565,8.769464132178857,17.39385279874839,16.244018537618906,14.995939237458266,14.690069712533795,15.031753301325542,16.045314367856186,20.70552201988164
0.12,15,7.971065958108431,5.205301877301661,4.272628551808262,5.503852335166714,8.831214756561144,17.43133177717995,16.730591891404295,15.445305886587533,15.21086230340619,15.581313365706922,16.543859813640022,20.89724869547485
0.12,16,8.031722011155649,5.381922780974344,4.133807696680288,5.137009075593758,8.45427450893133,17.102723298628455,16.150410227221712,15.152274101694829,14.93011161687432,15.285494618473962,16.326296586567484,20.88294204628052
0.12,17,7.664063814907797,5.114960267267676,3.666796553639559,4.823074065927223,8.196871809730432,16.847413876782973,16.24149812190199,15.00878549180045,14.857207750737617,15.18060014560918,16.16344014394491,20.765630041597305
0.12,18,7.79965813779097,5.116138310796726,3.9888636910181683,5.577522906821081,9.03184085673499,17.65214492130137,16.193216705389723,15.05258581177441,14.81199058943486,15.205886441677741,16.22496829844755,20.856970666532842
0.12,19,8.220610878911979,5.042748553090623,3.7269407945386632,4.745720981553128,8.160771310390892,16.81076011015035,16.877536720220796,15.320622210820208,15.083107980864686,15.371042668138703,16.343416958020185,20.774405644500085
0.12,20,8.378141686564238,4.797158562448509,4.057326550054182,5.9836048002594975,9.427940583410384,18.03118234410099,16.459773691544605,15.03572598349206,14.803260357857276,15.098031690571545,16.115143699616937,20.716949446183236
0.12,21,8.34372032550889,4.689507019382376,3.975080826117673,5.589083918210971,8.997696189324685,17.584189599764777,16.74898311539362,15.1611794681147,14.99903037101871,15.368589818487333,16.36528664424992,20.795817614423814
0.12,22,7.947621391961841,4.927624712231593,4.087876286396852,5.9538533157051265,9.37667307122748,17.98975221475019,16.09542847714189,14.924836850230417,14.500950093844864,14.803362484049604,15.876247968348274,20.533940607380963
0.12,23,8.25714741109026,4.743997457100187,3.6358176271652916,5.108467293825982,8.565907078476965,17.214606848629344,16.31396527195994,15.045489810243273,14.683323719289202,15.017943016471488,16.023398101053132,20.62149146604112
0.12,24,8.534282847041016,4.8818719319982105,3.817597747888255,5.224883882353928,8.566038367633396,17.208273876994184,16.77630605905829,15.091338661071084,14.773948926797171,15.17336176543529,16.231773736828913,20.772140118097397
0.12,25,8.811560685775742,5.261277299041211,3.8548159964546125,5.0500079311849575,8.444638497582469,17.093245230215622,16.73412892774411,15.152956870112172,14.887751548901958,15.206681761053591,16.22360072468815,20.88932796481282
0.12,26,8.537188880931822,5.781579928421269,4.313346511248183,5.785528229725469,9.175113820757323,17.789434255742485,16.478630187024955,15.237111955113436,15.114866373863494,15.313125271859423,16.2235905320452,20.647290515004027
0.12,27,8.371085470766532,4.713686270810005,3.8009725047180143,5.463587115967034,8.925370865580415,17.583101037352357,17.056545573037855,15.410256030857752,15.167061215800501,15.44587972870035,16.42716213288887,20.98185886654791
0.12,28,7.691462017456284,4.586282375425257,3.6407780702547035,5.019135855143061,8.336436291328255,17.005233802714944,16.165454659410017,14.876770344055423,14.61010343801569,14.979110599382302,15.996951781767308,20.64945561940669
0.12,29,8.873004572592057,5.343689145118792,4.330735668419905,5.653051028236268,9.038102297777538,17.649668619821092,16.585532249870397,15.29738736495241,14.896771231495022,15.177150611108054,16.137957345202025,20.666962635915656
0.12,30,7.936355809905921,4.853361830457166,3.791027115877779,5.561568699581995,9.002278283355771,17.60895919564104,16.446249648991,15.306403276473727,14.94263048012045,15.234448309450755,16.266442410931695,20.829472974445068
0.12,31,8.772799870673001,5.678254839478892,4.480455665601593,6.13094415966526,9.580559203370802,18.177211327543198,17.255654827230387,15.655768311525364,15.292094153838148,15.576997084589262,16.6021540749084,21.1733932100575
0.12,32,7.987075432658842,4.703393442939811,3.8923528203012263,5.8068603040895574,9.217010119283987,17.83792811353355,16.322693876219574,14.855051393046903,14.50524775034581,14.802107816873107,15.831868497514932,20.516325289859523
0.12,33,7.997038946013991,5.167198713157635,4.1903993587351,5.773417388513966,9.207554023513206,17.8523466910311,16.553983439024407,15.319653632260943,15.126888139919371,15.463105621015966,16.458852307590252,21.029593274835715
0.12,34,8.341968942472525,5.0563436796196335,3.330279777567381,4.784001787805361,8.214246127498846,16.871884876137386,16.35615822190322,15.257916585538458,14.831049939668452,15.042577987870626,16.0384402553389,20.672214406904576
0.12,35,7.335170086716085,5.078724128374127,3.5945998825514023,5.020220282515906,8.396747041821508,17.053544319793538,15.660926312390533,14.588263571195942,14.29702989034664,14.549735246110851,15.568115062071136,20.30850744836748
0.12,36,7.980012550737159,4.987480564471069,4.095602553276806,5.591979355537986,8.97579042635667,17.586739429603348,16.533929018026647,15.514663990884854,15.212812588119347,15.533439001632797,16.472932282802574,20.957202475929748
0.12,37,8.770614164774399,5.343702767483345,4.128234356387404,5.5684919269106405,8.957835887389034,17.582443483148378,16.776573359081183,15.509371470969949,15.044631405912343,15.352781592226576,16.309733493988684,20.78754841922477
0.12,38,7.577700084094117,5.377143980593702,4.1448833374544325,5.340039508311856,8.61776814676189,17.2995068567443,16.134842632374706,15.125598646281041,14.946222314163185,15.310822019710923,16.329862748906635,20.884475775494295
0.12,39,8.231120889731462,4.998448990688084,3.8734356364439866,5.4898463968501785,8.884575713255579,17.516759840686703,16.33303604229539,15.19122692377503,14.710130548003736,15.009164815525464,15.980967622637117,20.52409023163868
0.12,40,8.326262596683568,5.036961355981801,3.7372657570117203,5.34406919328954,8.78234345151009,17.415919865007762,16.42305832945805,15.129880240736023,14.612982883900283,14.926982455014848,15.949640449464624,20.619627480827308
0.12,41,8.454314096945287,4.8141921244438795,3.936440736510825,5.763384600197056,9.191693957783876,17.828815880380887,16.83125508872957,15.209505530335093,14.92246371001426,15.250547574808504,16.18902302204757,20.717221444120057
0.12,42,8.722536070035549,4.894034360884884,3.8933356793221945,5.420229043218914,8.845947433742058,17.461990297046476,16.75412122352163,15.205579682140566,14.958775709472683,15.245195712089517,16.218480426650125,20.64256526401229
0.12,43,8.07199298311616,4.891950344663066,3.8290394021380774,5.854348932138039,9.298238602832221,17.898024028850237,16.17178652755006,14.72346435603035,14.337436252531374,14.635327292944476,15.610636457568766,20.34225000116784
0.12,44,8.178103696682303,4.732844184225154,3.8255824861099104,5.675942745403379,9.09903514241244,17.71080831665276,16.52445964558767,15.296199228017867,14.90086967681413,15.198621786476462,16.201425699297943,20.825019949182625
0.12,45,7.950599967828379,5.039713372377362,3.9115172790155044,5.309422554131778,8.682526765379828,17.3044048637172,15.837559259411567,14.956598043407439,14.701413749900603,15.038911431192076,16.020123862756044,20.56745577566565
0.12,46,7.7747420997128,4.813287583580866,4.186152550944769,5.699082764726923,9.151486975923797,17.805274146462594,16.32608252782702,15.206653544901062,14.901786813647274,15.211687224055385,16.180225826496624,20.790549768744306
0.12,47,8.734067330892033,5.291789064547389,4.141681340549428,5.902172515998614,9.305120314728473,17.943747108183288,16.763896310094648,15.154926029055577,14.804730150506183,15.14981137165142,16.19713059717595,20.7892092423341
0.12,48,8.138121446920042,4.920888306757757,4.216641906425576,5.617470406735027,9.059447035351688,17.713458824661913,16.791729543905852,15.186471376412669,14.98111251384038,15.340189289077756,16.31624725481832,20.818189633906982
0.12,49,8.445530217529107,5.17117493244392,3.8557704137822357,5.178843397533475,8.543892665814552,17.1844120468666,16.503673379502438,15.118038760085453,14.671967305789238,14.946372877023137,15.973938499849124,20.697943318546493
0.12,50,8.183648074311876,4.428125274874448,3.8352106724819293,5.175764969561382,8.570279545287168,17.211284615294723,16.561180962954033,14.979190441108052,14.775484322099725,15.154349458511174,16.185790528316836,20.781358970678827
0.12,51,7.606139997229736,5.394786032575045,4.01946608695987,5.328375514538788,8.72520107110335,17.351327837912656,15.8112892542836,14.950097249428788,14.503679290595208,14.826300323430257,15.84640302802297,20.490002825702526
0.12,52,7.862918878824195,5.157366237303103,3.722080668506261,5.4432063997737306,8.89010994686171,17.521766593342257,16.680108756392315,15.45131488620877,15.046162109969849,15.225978036399537,16.18255298235445,20.667013500057713
0.12,53,7.892659653690493,5.1045026984860105,3.9619344508788963,5.684417787364282,9.083225365327191,17.692550798165136,15.777803670522175,14.975044986431499,14.53536431060432,14.808078820250204,15.793411579919008,20.407458905843278
0.12,54,8.121824563527998,4.587265272921359,3.9439626347377725,5.655456860129092,9.11846733352288,17.74596018574217,16.50152734753354,14.884972634434444,14.671970449938772,14.936669887706959,15.915394461948658,20.559934579609028
0.12,55,8.092438958001232,5.509374669357403,4.131047102321479,5.411328682829339,8.868264566300391,17.507392946425227,16.369128288270513,15.251691863894631,14.903242757393574,15.233773461131658,16.272968311945675,20.911492756538017
0.12,56,8.895993301503582,5.754149131265052,3.82302978511359,5.166811427186762,8.573939604949036,17.164136474319903,16.741090651669673,15.33711570950376,15.06906259743542,15.313733851392549,16.29051184074511,20.764045319742976
0.12,57,8.11229182286958,4.915702990974431,4.148603981675273,5.787157232655591,9.193254198085723,17.83813883342826,15.974589602611125,14.774138410369185,14.496822912618944,14.8167120001028,15.87557158423014,20.560540135652204
0.12,58,8.726323740087143,5.170692678481345,3.969078809961508,5.756828779407671,9.209106473419162,17.82339118554129,16.7513710170506,15.255477160918511,14.82085847659702,15.090493600543747,16.127354561870458,20.706264748227266
0.12,59,7.74424463101642,4.672850202698683,4.085444139687983,6.061739405223883,9.518758205614102,18.167100902848233,16.618576739656987,15.452323862467248,15.087775411852942,15.422878474364264,16.46350165860128,20.969249945307567
0.16,0,11.54019343480395,7.030916289676967,4.983362723030268,6.017570281516438,9.120601545522353,17.756698408486656,22.643159986763404,20.938528127157888,20.320768917220434,20.398006998038756,21.076915136183715,24.41694313091444
0.16,1,10.690614048596847,6.576999409981282,4.7793784600489975,5.4918332033516535,8.577172671535394,17.213149964425693,20.987859793271276,19.6514356719816,19.23393434299335,19.48411870673928,20.262601675112577,23.90737101645231
0.16,2,9.938585550072975,7.142449747430785,5.20738333097624,6.368709881502623,9.700489707808147,18.313467330561878,21.573613589272085,20.229548838412505,19.70419850787409,19.809222318796536,20.499533878108824,23.98876788953077
0.16,3,11.224647240536832,6.625547514423246,4.878219922652319,5.733855402618412,8.812799158281496,17.468853811571726,21.856205588198613,20.12853090951367,19.58040710648487,19.717892746033264,20.397447750628643,23.94365164367813
0.16,4,11.286654088764465,6.295266053068836,4.344117206585505,5.34201371405274,8.57267705182375,17.223867736843445,22.303200230011647,20.307785469154016,19.659439757587528,19.733171990302395,20.433901156181953,24.019111042568152
0.16,5,11.402249928621023,7.573483585597971,5.321014110202558,5.9671671476609545,9.248549465859892,17.866717390013747,22.707217700073727,20.97805077555188,20.66524039047729,20.732701784702876,21.360190474425735,24.658599902704086
0.16,6,11.421512142054278,6.365999101366777,4.76401609608425,6.040770011391862,9.300824683575877,17.933405569981268,22.12422764049433,20.199078773403855,19.504399144722825,19.608771157122728,20.308384729497202,23.93728436893962
0.16,7,10.751514820370403,6.4780999747537695,4.899504131201805,5.495581135261991,8.447446444329529,17.09476748010978,21.880073397481375,19.92996642255859,19.374081283313167,19.51964183948843,20.221049806692584,23.785317186721173
0.16,8,10.80232588093834,6.715566736141036,4.481718171860482,5.388042769700471,8.714201143995732,17.32921132601413,21.93818321340759,20.57179059900352,19.95870989855672,20.063908184586303,20.716091574883958,24.118562553364498
0.16,9,11.127056808064204,7.001167837943583,5.361708000037165,6.271262716630394,9.33911847130956,17.97999564830186,21.664516448717144,20.073550043095267,19.713010057664537,19.864876129816963,20.58604735842271,24.147766070235804
0.16,10,11.781474370899137,7.101450513532772,4.655919486957453,5.265471596346172,8.365663979354212,17.002779415571048,22.137866128133602,20.689006292549255,19.915010298928266,20.04190347462793,20.73677641242108,24.283739498693166
0.16,11,10.492791943558494,6.925771635587068,4.638620278876864,5.370996621303262,8.35286251336571,17.043920946414175,21.069695524963116,20.039621543098438,19.301938948407418,19.449066394563484,20.28680491035685,24.090552083274893
0.16,12,11.141690534165438,6.420143794478877,4.270061805416452,5.601060643306226,9.009117071543377,17.6255349089866,21.84730945918119,20.110877621202828,19.406111685511632,19.63456304312129,20.443864831167907,24.226988126205697
0.16,13,11.186989185430654,7.373538128295604,4.694757504934206,5.515839661590426,8.74693562384462,17.411139006111924,22.16785938509776,20.58583175239618,19.87306109484975,19.997341872278916,20.754763578328788,24.367850717824577
0.16,14,9.934199893244696,7.038419561670491,4.583929910533739,5.458261243128186,8.626378506572351,17.256039359186822,21.588872216529087,20.325862231195316,19.91046816277847,20.058626680306688,20.78007485687799,24.337496559263368
0.16,15,10.663042067243175,5.914746494177757,4.553595960055949,5.733720614466165,9.06841981076602,17.702268974953242,21.343683514872183,19.57386196771528,19.186330125183517,19.35055703954989,20.05826521433856,23.741145480023043
0.16,16,10.195925070480026,6.359763310383888,4.294644314399907,4.6969986341808845,7.689130616216915,16.358246445094665,21.796740492228878,20.348356190653874,19.774607192968972,19.990775448035922,20.722660484640308,24.246298799057765
0.16,17,12.118366174840126,6.3928387318655115,4.670220710111636,5.720801583905354,8.928304746628063,17.532290953381747,21.908022238723078,19.700583764205312,19.269181319789105,19.350227502967847,20.101072513099947,23.72098844252352
0.16,18,9.129372630888245,6.614223802905862,4.972683711827905,5.993663133409102,9.238426579162535,17.862329188199432,20.73484403685444,19.936761760325503,19.62307990057041,19.825697014060076,20.551038788033182,24.054662408662672
0.16,19,10.388978331122193,6.480879176502203,4.958798368047868,6.02673187647147,9.163444692835494,17.743180478097706,21.781729505067965,20.320319879201577,19.78033104528622,19.93223016673244,20.606402253019155,24.03415798613282
0.16,20,10.63534062230457,6.842422216248636,4.931506179595715,5.227020669990063,8.283526794995158,16.935678895013023,21.336628377425534,19.882116613016322,19.35062317391867,19.42757014174306,20.166072363415296,23.86182155067111
0.16,21,10.718310942547738,6.370500741192868,4.494680795797837,6.2127973240297605,9.67545314065421,18.32010168942479,21.98360133308799,20.106357429170494,19.653032570732506,19.783934935189137,20.506738314123346,24.198274018729645
0.16,22,10.795123262916007,5.693694111875508,4.530792799311756,5.299917537470717,8.433759147777952,17.02931393438431,21.837140570425333,19.79815502184116,19.273695574491445,19.53832249063766,20.3613559034185,24.007056989923097
0.16,23,10.340568604124476,7.14878653242994,5.521357480862713,5.7330923997311345,8.573364689080876,17.218643087097092,21.490059107681297,20.172357410801027,19.72018477590924,19.980135693871638,20.811880297139517,24.436245956661573
0.16,24,11.06629562611214,6.686087190028022,4.324163075014228,5.048682052514531,8.19230470578328,16.876488152575597,21.9126636039251,20.35179254833087,19.634981130243915,19.793592159910578,20.546427215834157,24.18580643848334
0.16,25,11.225881517054887,6.247554704548531,4.4028303589825475,4.774307379937132,7.924196134762473,16.55300559633037,21.710381517671934,19.913890271339135,19.584746080445484,19.681987448798857,20.32654838442224,23.97042944843541
0.16,26,10.83458385199728,6.877470865529819,4.7299134813462045,6.0647498724115625,9.505519967160748,18.105030567730417,21.63397237498333,20.515079909597567,19.877978060622915,20.002143273330994,20.70294629295828,24.221989695113813
0.16,27,11.360711293493985,7.500597532268519,5.522890913522787,6.192985726858058,9.460435087410573,18.075096048431817,22.340066150844507,20.612400900005998,20.220701071646488,20.399784222096148,21.09233923306449,24.539455082677154
0.16,28,10.469617787136315,6.182252901892234,4.911583869932782,6.111003405896685,9.444209180423506,18.068179346932364,21.562862574286136,20.05986243590589,19.51877293695766,19.578154565034904,20.25418706695808,23.81986305102762
0.16,29,11.379236045547799,7.106251124941696,4.818588709241281,5.6269659256640185,8.834932712230392,17.451437653155857,22.132256011855485,20.769648116853617,20.01761704839496,20.07094675635031,20.831408671936153,24.433582331254563
0.16,30,9.912510954078128,6.2645678890179815,4.844908585125591,6.121815568684877,9.27601855156044,17.87486365527201,21.478583877284194,20.33630429266154,19.73719522004406,19.88802092132257,20.62950761923333,24.1079408936449
0.16,31,10.928146826069062,6.813855312544973,4.653985245416162,5.352520976950759,8.540392358171673,17.19812185374071,21.620657397731833,20.550673582944437,19.836858857983614,19.961955367280325,20.69327075768379,24.263419223408867
0.16,32,10.617691806010999,6.5575408564187025,4.3482550072737425,5.271966447807544,8.438242735214345,17.0777046399253,21.32988689326741,20.030933751430894,19.2200742743685,19.427694331559312,20.180876199669683,23.84923746122817
0.16,33,10.317409810179964,6.171087814264803,4.50296259772786,5.789056401387057,8.902873034483028,17.516116492370237,21.28248034251851,19.9720872873102,19.403765305762033,19.61285923699155,20.361592740211584,23.976883462540286
0.16,34,12.257089278557148,6.6472506547892145,4.709752065829223,5.552494161077751,8.69997644354266,17.364651176146314,22.5389976113688,20.221516551188003,19.61828850120569,19.73999427551587,20.450351778709596,24.07085805954086
0.16,35,9.952813288262538,5.986724725757371,4.172668458988391,5.441803577732559,8.788614140320089,17.416414553642035,21.370899671854172,19.989292822321925,19.382304193128423,19.601553752600395,20.38616378757181,23.995019800802105
0.16,36,11.43843280751848,6.648684167954126,4.111373240667214,5.126948358122553,8.376599628279964,17.03982270274922,22.09543256608919,20.295126668172294,19.68366404710988,19.798240555234564,20.52016920102023,24.030626768132386
0.16,37,11.032410054480968,6.640579743938949,4.649461280630584,5.341869666895246,8.29677791484517,16.97854055558988,21.850506607862293,20.21013495168546,19.64795655471451,19.79511810525282,20.54114733694056,24.162271869707748
0.16,38,11.903541838783317,7.352322492971839,5.559614621685759,6.4961528348069315,9.574202463842587,18.163855370287422,21.930605333903042,19.812764675923866,19.481592735109473,19.587899658690564,20.30968847928487,23.973458977467665
0.16,39,12.233820502956329,6.8073178142013955,4.969935132856292,6.061825685694263,9.170847638239287,17.80736600698407,22.097012375994225,20.016948503202364,19.425883524280536,19.581089395975987,20.363046574553074,23.913665702253304
0.16,40,11.203079909182554,7.230730803939203,4.575916098712941,5.18634163536014,8.444735690101373,17.04624210652184,21.207075348034763,20.10850670415755,19.43195960629059,19.500218660264636,20.17919224639067,23.728379909231283
0.16,41,11.445929077786403,6.96555617538189,4.942948302740774,5.652857701379699,8.913021378664215,17.508162485022446,22.034987491994542,20.26778937150905,19.596393691807332,19.759557915458316,20.486198072752284,24.02172686454914
0.16,42,11.313969635547164,6.802097496359158,4.373466343166475,5.196255448942425,8.321668539837832,16.96904980433051,21.906278554896964,20.465682849869513,19.683051939314062,19.751071194401195,20.458574339846084,24.144896289511653
0.16,43,10.721092077439508,5.840516849285641,4.467709784478238,5.123625607102622,8.206975746826487,16.85799955233208,21.864178295437956,20.04603798269569,19.590632484757137,19.72263691735502,20.408254115871863,23.923231958779958
0.16,44,11.973599706655609,6.138206604149173,4.529327093653654,5.902437467136332,9.243474997110685,17.880106436155224,22.776732460074427,20.363739202740156,19.629387984526133,19.79912501238517,20.514190502915568,24.158804582337492
0.16,45,11.965037308835683,6.5663526085748884,4.776927719204602,6.3829127977533275,9.799058597584509,18.401514982671458,22.661540912381113,20.50916594315608,19.853718661032026,20.020268959371236,20.810687267414227,24.274998583786513
0.16,46,9.593461873932409,6.200549695362163,4.712433017250255,5.6487688946448955,8.654695447490148,17.33442820705895,21.17925425044458,20.035249745743656,19.614758018901867,19.814393736002728,20.540999952157897,24.20006133503565
0.16,47,11.18720552981725,6.837215033965277,4.770707808551203,5.298722386396214,8.327688802962962,16.990806080819976,21.96559034412085,20.320675853853512,19.789620028433042,19.91619219045131,20.708935970756542,24.424486666126366
0.16,48,11.506254603261379,6.236261626158033,4.07320661564,4.692741228029629,7.608021143165503,16.22548198381226,22.4105178013446,19.956885955850563,19.379512540160125,19.56385193408892,20.30572478379596,23.98235812763412
0.16,49,10.397960925439577,6.192665609295244,4.495729556771453,5.389592655762981,8.601929348762912,17.231427990736,21.79755223160716,20.239668395928646,19.669294260605103,19.84018757447182,20.561501746110565,23.927863099591967
0.16,50,10.810561408720439,7.3747050073543665,5.0195144938188,5.851983147192368,9.117603470996826,17.740367369121557,21.348521073959382,20.32214769889161,19.793332710068277,19.9260529136785,20.61960438143823,24.09242606247797
0.16,51,10.939057513930738,6.9582481994616225,4.946422781368524,5.800687744422822,8.904683567890832,17.499822713990135,21.848219296790425,20.072671565334268,19.58123090410195,19.66642816376746,20.35666191105644,23.855232876868648
0.16,52,10.980416996157214,6.4293621852381975,4.764110471086363,6.330034390644149,9.690595124161085,18.318203921295474,22.10601949325562,20.090954589338306,19.65896781235172,19.77980764190995,20.426601268630158,23.82271161869401
0.16,53,10.787366584527472,7.010144893383501,4.814475089871662,5.492753706597974,8.745419447814978,17.389499298868653,21.781485440773512,20.36212562732455,19.815148032072628,19.951455264257127,20.67926640458489,24.21207279484021
0.16,54,10.81509071941289,7.0526194126797215,5.768125085479409,6.728867744696943,9.854133477837113,18.482950773696146,22.062445929597416,20.379253721533935,20.047502168899754,20.264347804262595,20.999148589467147,24.47525302606672
0.16,55,10.938893949191035,6.732143285751166,4.608080461025103,5.620068897005678,8.693524557282181,17.326200865720466,21.91189769899791,20.362036227482864,19.761553162204084,19.85200788786848,20.5707545297427,24.218022467990657
0.16,56,10.82312731654363,7.075703137128032,4.5495363309106285,5.585159085456574,8.789040060211331,17.421780371060507,21.838807160214387,20.377591381749667,19.740787692961664,19.830244228012255,20.542536121818678,24.146619879894086
0.16,57,11.280768164827894,6.392141964853485,5.001148065610665,6.056077825982273,9.117680067754957,17.70060341396028,21.906234209071336,19.781003166761373,19.447995508597934,19.645122240120475,20.40382713156189,24.12091153718667
0.16,58,10.140059225094543,6.695373926863684,4.41213046521398,5.383120982491182,8.485505418270485,17.100299852487314,21.331587383806898,19.849074839680185,19.39544036155924,19.43923424162527,20.114968049718975,23.648079806472094
0.16,59,10.993368630136212,6.336802481766057,4.278362393741012,5.319611970359239,8.639506516245717,17.304705924983573,21.77345673497605,19.8576408103784,19.355743548821074,19.532719323795256,20.263079850863818,23.84363787747826
0.2,0,14.220028960114021,8.585804286039057,6.361590528621022,6.44811728880642,9.355379001816498,17.977828725172074,27.292274583643454,24.951024048569888,24.346376562699334,24.390938081552008,24.98333034528761,27.798185688463256
0.2,1,13.09498100772848,8.676917784400825,5.827547767573645,6.636435175351181,9.539252261710807,18.16592907946476,26.976438360348222,25.250871132747903,24.339180235626877,24.384781707754676,24.95025907360788,27.799669180776977
0.2,2,14.313718781325292,8.225601871230591,5.984095630466976,5.916907295580378,8.544674937176897,17.155155372773926,27.842247172956203,25.329267079057686,24.745934613605897,24.834455307809765,25.380513189573914,28.301338992566247
0.2,3,13.206342840884881,7.625904759994152,5.70001732956724,6.2597311044346755,9.350885784221376,17.948869581596856,27.295801235223415,24.863652234869917,24.246717862451113,24.26969691257195,24.81289524335937,27.67574429817986
0.2,4,13.593408054369085,7.588028459099065,5.417805783849925,5.998273722051518,9.091793433866544,17.737448128382994,27.799042425812402,25.25082886582183,24.641002936390876,24.666157014521684,25.22387565040913,28.173698830949995
0.2,5,14.23828076980577,8.663679078423549,5.478257711130368,5.929905774463489,8.75217298909207,17.30294704658136,27.728972501183918,25.78495962975692,24.923120859355876,24.95645195087792,25.457252780524854,28.11553046710826
0.2,6,15.32794658772049,8.727443405276665,5.781290239853319,5.758170923366344,8.264789261122715,16.917635314409498,28.575963580583252,25.747189366207415,25.017690460923315,24.98482396149774,25.493746819349624,28.30393935085194
0.2,7,13.86618931578733,8.142862164829907,5.8266885628651135,5.593939511250376,8.292997421947232,16.897872978952677,27.993211097870724,25.11783549023518,24.443976831104706,24.6328024332783,25.21802054429559,28.087748403920205
0.2,8,13.36651140341287,8.800659948082611,5.510779841431475,5.338456676346942,8.088749183227083,16.74049598583482,26.83915746950176,24.843645683760283,24.29982753919534,24.2673342145496,24.798051825497417,27.705588945045804
0.2,9,15.223608701815094,8.487029461931298,5.743947317243318,5.830782117947391,8.333337450717773,16.83106188379397,28.657512653967657,25.81246245639059,24.834744024736253,24.84965308588407,25.4322925544503,28.344078766651748
0.2,10,13.397387727599359,7.931337922882916,5.209903988557157,5.458100009750389,8.487997203598578,17.08542093428025,27.75874069687407,25.518087445707742,25.004123966235795,25.0212896128847,25.518806636032195,28.332077863230097
0.2,11,14.25250450662939,7.573677569838228,5.291238928909942,5.8099945616740225,8.842217814100454,17.514130019841584,27.764795582160964,24.897825023409055,24.2042578017581,24.251637336548562,24.816283977762666,27.7718637891575
0.2,12,15.024291018704508,8.859014154568627,6.111929574441903,6.336178312379678,9.198768755372988,17.706778515967393,28.696249575715413,26.153562769253867,25.3759038181297,25.365881771823826,25.869916357404215,28.694706250169375
0.2,13,14.174170345995622,8.96812802120008,5.529851788815354,5.745952086415897,8.562390138442117,17.16659195844774,27.885006231734497,25.685380106643198,24.918677448754057,24.853691107558863,25.399176388895114,28.239894759943823
0.2,14,14.317232186135355,8.311238411482035,5.896779862276455,6.190758232022865,8.83105031666874,17.47739879108238,28.071625762705445,25.565042442333407,24.681112324121536,24.66752573019625,25.16391833509794,27.89345087357581
0.2,15,12.526128552607519,8.056194423758635,5.127520652304398,5.489453126158199,8.487488661037094,17.106312463886233,27.411027953488983,25.762354917622012,25.098903445978323,25.111414657523458,25.5855189156404,28.234420324682333
0.2,16,12.97958478249937,8.89965536450981,6.156991165097718,6.239462419379992,9.184809698457972,17.829935476161438,27.38584359957136,25.896754825224633,25.225524046027225,25.26432664361387,25.800031732491263,28.570023696784368
0.2,17,13.032022737097156,7.67844460085322,5.5715378993698605,6.356475552761258,9.3052119893325,17.901983102916905,27.129643666363677,25.000347814078182,24.32922286802565,24.41398275174226,24.969181849417403,27.887430084429035
0.2,18,13.73787335360311,7.763174244435296,5.148574546236494,5.087518192584632,7.931940464644163,16.60051355002318,27.133860363775238,25.054382778462426,24.218526769842338,24.259910208433237,24.79759550366222,27.846387774234138
0.2,19,13.49129750892791,8.290248388094687,5.853050154498036,6.461396970122542,9.473844521940581,18.06183464208588,27.18300219955033,24.99714900995825,24.173931286416387,24.236518599126647,24.792265365047434,27.690406535612006
0.2,20,14.871073444614982,7.958267559414926,5.441746496714302,6.231338061173639,9.221195135217787,17.902532234722973,28.042426337181464,25.21959849776198,24.512962620774616,24.5507435233555,25.07492263361887,27.97705832935313
0.2,21,14.470096486017283,8.577047807719511,6.007855635416989,5.900898591557516,8.794163075104343,17.47054270545588,27.765240588988295,25.500585397787994,24.812834988460125,24.821593403795006,25.27706881194964,28.04330202214909
0.2,22,13.754373825761537,8.317744971903124,5.367682243894935,5.687121414409237,8.635282350057992,17.21607187654393,26.55360686053149,24.929303723956068,24.29468249296173,24.29773955619588,24.809293557855653,27.73154627208792
0.2,23,13.201478677087671,8.177659499543076,6.008221004524826,5.793852885552779,8.104468896081876,16.694664642852576,27.601417750219532,24.862982165625134,24.52536681427865,24.54991669510987,24.96770707193499,27.536637682436623
0.2,24,13.917311887467244,7.968951458027982,5.8069855824910475,6.621153891965733,9.720342325058287,18.40124475243765,27.7690989890419,25.599785793996205,24.812509142808395,24.865369936672767,25.442515172027726,28.289708110851585
0.2,25,13.747937929500027,7.988571599988773,5.702949684496856,5.4147104770621866,8.16498183478393,16.803445855343554,27.120466866325486,24.79120460013814,24.181808778636654,24.262865494932043,24.864511911810098,27.89198552240698
0.2,26,15.056748707631876,8.743326804531891,5.787133800816429,5.963492187437781,8.802189983139284,17.439478618809176,28.690438964181563,25.951768655234666,25.091480805087034,25.096527909821127,25.61038540739312,28.38632889022264
0.2,27,13.4647763434362,8.914357752647778,5.79984945252182,6.076408737068853,9.008209194420937,17.635456139233455,27.407192557094152,25.265600199286958,24.56252897716488,24.576011276962767,25.129198872362437,28.0259576204112
0.2,28,14.565632297449625,9.646149825717597,6.766833924178076,6.785974204852215,9.565057257086321,18.15739778830011,27.110439021835873,25.470749585905285,24.65958913448133,24.53588649051813,24.961133223241493,27.78326996353611
0.2,29,13.19550958786709,8.299917126230017,5.47063292850476,5.4529892316017605,8.06488693529384,16.63527812553306,27.32445402994171,25.526485660757746,24.90492282526986,24.885865658855582,25.3390417454768,28.185317284283165
0.2,30,12.973365815222827,8.96165056456413,5.396791174610634,5.099685988364258,7.599781293120702,16.152268701410293,27.029676057286263,25.31261723793442,24.813892293049467,24.840286085584513,25.37236736224871,28.22743690246565
0.2,31,15.93895418862359,9.04499812502776,5.392423973772321,5.895701871728793,9.075307216185038,17.643164189251497,27.963539246293102,25.420272819643138,24.42904789919575,24.35121571670567,24.885944146792085,27.71990643812308
0.2,32,13.539011024287554,8.043990866623489,5.017014498865252,5.366773977472345,8.375985162712047,17.0085590813012,27.711687360083886,25.528749311933215,24.667805858543403,24.717717939954852,25.277346733890084,28.133826361934634
0.2,33,13.659009505680952,8.236302479204168,5.421922183865549,5.480561212742393,8.56520569324696,17.194286909360763,27.882131008364755,25.652380151147426,25.030420821846967,25.119150788342626,25.584447095316968,28.312256269795725
0.2,34,12.958159841336187,7.711655242947077,5.19041149461677,5.784925493373791,9.093482654463168,17.75740843621568,28.13211080126822,25.624823110925394,24.968672179831202,24.93533759506112,25.41984342643272,28.335461369618
0.2,35,13.556140850592156,7.9346842995925115,4.8050500411518495,4.915458094798538,7.473635878734138,16.114111000061335,27.236018620692214,25.355535568117944,24.531220668143767,24.573596759720026,25.18245498726196,28.08831123789622
0.2,36,12.173495924172336,8.217281942163375,5.174783700607871,5.411593357642547,8.395118854163641,17.030552093848286,27.12073600234412,25.627429478420872,24.938770919701916,24.850285086598355,25.326966834284605,28.11341158837865
0.2,37,15.163150256378591,8.905171884113184,5.566649050819996,5.768698351135444,8.758529470356816,17.31180301258446,28.660733143656284,26.09849546479167,25.237388598057816,25.16226148768663,25.685263502289175,28.53905909120551
0.2,38,13.67048453473501,7.834108995535904,5.681957604197628,6.13236250275434,9.00148101087464,17.615842235347277,27.633710021761363,25.28833001697491,24.82949465285516,24.792800553142072,25.305760509524326,28.037850342712943
0.2,39,13.43553129262331,9.627087900651455,6.273851436003839,6.007316733968819,8.837710364635296,17.44666359780959,27.20262519869879,25.62727166357984,24.733048739179132,24.784194297397672,25.34279107340298,28.268078214375834
0.2,40,12.515726480455381,8.309715747744782,5.978983845503095,6.301164348299967,9.401770526344833,17.9868454679917,26.28216498779593,24.50091637029424,24.10971741634649,24.0588315967075,24.549338973865623,27.37433114766668
0.2,41,13.915609911092275,7.64420608929481,5.537803066577474,6.0664971361558475,9.201481785218876,17.82420732417519,27.949105959475563,25.053325910731186,24.568586434061352,24.605982683270685,25.0774787290328,27.93302452928738
0.2,42,14.652390692557137,8.160358979758367,5.479139606686662,5.620507314397715,8.429364110579257,17.09656405185204,28.687820911191615,25.820592143230588,25.138236037656295,25.14770928641593,25.620517049979146,28.34195636698163
0.2,43,13.914163046422148,7.304063700934188,5.266590014375285,6.038551029664729,9.243303562371423,17.920761736022598,27.693284980624526,24.81638662093806,24.105715178526918,24.250283055100113,24.886220699849332,27.90383155644909
0.2,44,12.378996200502868,7.996940730321894,5.228325538763693,5.58567762105107,8.55420560749433,17.221357619250117,25.936585301061413,24.516094514716123,23.68827709840307,23.779195410455053,24.413390673591714,27.442011862835145
0.2,45,13.429230400365594,9.25799703141168,6.436806508101448,5.838915866047888,8.452131644374695,17.08893976269442,27.0171940658284,25.061858498585735,24.535975440800904,24.526310322694926,25.05679531872963,27.948630955763093
0.2,46,13.601097615256219,7.921525372530358,5.627948898728637,6.455580815091931,9.524899348123983,18.07473984632889,26.817274628247784,24.89876536566488,24.107235541293683,24.063566564669763,24.642290011382336,27.612237856983015
0.2,47,13.693427003860876,9.331699127578458,6.130272212100282,6.433372297697337,8.990968397426418,17.577280537002878,27.668429046364142,25.944481767276265,25.080412292097634,25.154814678050457,25.770418988434756,28.74289215165986
0.2,48,14.023798680983173,7.559209898941235,5.4946655308263015,5.8477774035491805,8.470418021797775,17.05759197720326,27.629964376238355,24.952598058850207,24.303078978663486,24.438313397553173,25.027590849994034,27.798216100376827
0.2,49,12.619340318015386,7.7377015311812185,4.830664409625297,5.542173622200762,8.690938175762657,17.30024174416481,27.65946435330987,26.034822469346306,25.13274389470676,25.11393889700956,25.58742681759803,28.323996326557165
0.2,50,15.16817099420157,8.665106949795824,6.210497218504172,6.3025885788621805,8.90716544267687,17.52886149939649,28.375671733292677,25.85632323360616,25.106757660366277,25.124338388718296,25.640259106132298,28.4609453975152
0.2,51,12.912259036148114,8.09128826562501,5.299750241459069,5.6631432237990555,8.551289957357739,17.15130736758142,27.34557913943012,25.077078724911267,24.405490104522308,24.46570691066438,25.039209326621368,27.981628094076413
0.2,52,13.655398761525952,8.009008064638785,6.016160725546124,6.585680665465663,9.813054194746819,18.41093875138426,27.15519844534001,24.835417511730405,24.033775936609587,24.109046677645296,24.645385810203187,27.456141202754296
0.2,53,13.94418302222055,7.528665333712055,5.078243457926817,5.281570634426615,8.112442283280874,16.724346329655994,26.953293652499728,24.925539419844085,24.037808312882895,24.13345371175862,24.692958272217027,27.566876183316552
0.2,54,13.39373888337202,8.112070247591049,5.464123867787429,6.173404603113857,9.239018539971067,17.881200576350672,27.450102617937198,25.44488936858,24.7859660962977,24.709321984188875,25.123817481263906,27.91140676359964
0.2,55,13.494676607544175,7.347730711840461,4.90509475539327,5.315940112063895,8.420232723384395,17.082853642672344,28.14215068548169,25.515067844976887,24.86433856055256,24.94349439512859,25.51097094664884,28.3456294817074
0.2,56,13.116017594910819,8.36038554376146,5.876718650227225,5.513469307323119,7.862769864135181,16.400716170507785,27.144445762349665,24.871991260869162,24.173495033481004,24.182449332630924,24.74083699342441,27.584440229085402
0.2,57,14.170434645178782,7.728517704562963,5.36542429446971,5.59563705780948,8.321710489884943,16.908554397630354,27.44434135485791,25.40721134259357,24.781995963809997,24.812548632995657,25.285641125213097,28.068369770974087
0.2,58,14.480236859799406,9.06035483854474,6.175707503155385,6.251257268320577,9.309233090789135,17.95372983316478,27.880812175556038,25.43208621207993,24.809733409572267,24.850183860543083,25.33746243701895,28.147955788417082
0.2,59,13.815047234727984,8.229302728164798,5.94893904215326,6.42348257226171,9.380456524890775,18.060125835973267,26.925748208502178,24.6571923379492,23.737313345703363,23.756577856790557,24.33617307058038,27.40250899065602
