family_slug,pair_name,noise_std,noise_power,clean_advantage_iae,parity_ratio_iae,normalized_noise_power,sensor_noise_burden,bandwidth_ratio_left_over_right,settling_diff_pct,phase_margin_diff_deg,gain_margin_diff_db,true_gap_iae,observed_gap_iae,inversion_regime,pre_crossover
plant_pi,0.15_vs_0.707,0.0,0.0,6.940875909927004,0.0,0.0,0.0,5.516005884660707,10.309278350515456,-39.92953769035462,,6.940875909927004,6.940875909927004,0,1
plant_pi,0.25_vs_0.707,0.0,0.0,6.356317498756673,0.0,0.0,0.0,3.2645034148571908,19.354838709677416,-30.292742712610064,,6.356317498756673,6.356317498756673,0,1
plant_pi,0.35_vs_0.707,0.0,0.0,5.474601947547314,0.0,0.0,0.0,2.2846094054531423,10.309278350515456,-22.12574193435016,,5.474601947547314,5.474601947547314,0,1
plant_pi,0.15_vs_0.707,0.01,0.0001,6.940875909927004,0.04572672726602833,1.4407403517613339e-05,5.8847937535320686e-05,5.516005884660707,10.309278350515456,-39.92953769035462,,6.623492370206424,5.915347910883677,0,1
plant_pi,0.25_vs_0.707,0.01,0.0001,6.356317498756673,0.001918556768611563,1.57323796395571e-05,2.470519101611833e-05,3.2645034148571908,19.354838709677416,-30.292742712610064,,6.344122542795988,5.804180139375471,0,1
plant_pi,0.35_vs_0.707,0.01,0.0001,5.474601947547314,1.839679719712275e-05,1.8266168199644392e-05,1.5677101823246282e-05,2.2846094054531423,10.309278350515456,-22.12574193435016,,5.474501232405551,5.27735422412981,0,1
plant_pi,0.15_vs_0.707,0.02,0.0004,6.940875909927004,0.12678709431677926,5.7629614070453354e-05,0.00023539175014128275,5.516005884660707,10.309278350515456,-39.92953769035462,,6.0608624212940265,4.629082383395133,0,1
plant_pi,0.25_vs_0.707,0.02,0.0004,6.356317498756673,0.02667638874521187,6.29295185582284e-05,9.882076406447332e-05,3.2645034148571908,19.354838709677416,-30.292742712610064,,6.186753902171847,4.686408504016434,0,1
plant_pi,0.35_vs_0.707,0.02,0.0004,5.474601947547314,0.0004723039873767862,7.306467279857757e-05,6.270840729298513e-05,2.2846094054531423,10.309278350515456,-22.12574193435016,,5.472016271218188,4.422051296010896,0,1
plant_pi,0.15_vs_0.707,0.03,0.0009,6.940875909927004,0.20902858111129652,0.00012966663165852005,0.000529631437817886,5.516005884660707,10.309278350515456,-39.92953769035462,,5.490034466805382,3.516940002423426,0,1
plant_pi,0.25_vs_0.707,0.03,0.0009,6.356317498756673,0.06697817020257554,0.00014159141675601392,0.00022234671914506498,3.2645034148571908,19.354838709677416,-30.292742712610064,,5.930582983463338,3.696118595891825,0,1
plant_pi,0.35_vs_0.707,0.03,0.0009,5.474601947547314,0.007144572763734623,0.0001643955137967995,0.00014109391640921654,2.2846094054531423,10.309278350515456,-22.12574193435016,,5.43548825558058,3.548939403036282,0,1
plant_pi,0.15_vs_0.707,0.04,0.0016,6.940875909927004,0.29363251678617813,0.00023051845628181342,0.000941567000565131,5.516005884660707,10.309278350515456,-39.92953769035462,,4.902809047794583,2.672299558608709,0,1
plant_pi,0.25_vs_0.707,0.04,0.0016,6.356317498756673,0.11635979572823302,0.0002517180742329136,0.00039528305625789327,3.2645034148571908,19.354838709677416,-30.292742712610064,,5.616697693017553,2.936813804764264,0,1
plant_pi,0.35_vs_0.707,0.04,0.0016,5.474601947547314,0.02311272735180394,0.0002922586911943103,0.0002508336291719405,2.2846094054531423,10.309278350515456,-22.12574193435016,,5.348068965373999,2.8689236879318996,0,1
plant_pi,0.15_vs_0.707,0.05,0.0025000000000000005,6.940875909927004,0.3823630249131921,0.0003601850879403335,0.0014711984383830173,5.516005884660707,10.309278350515456,-39.92953769035462,,4.286941601460209,2.001221956215982,0,1
plant_pi,0.25_vs_0.707,0.05,0.0025000000000000005,6.356317498756673,0.17031195459932344,0.0003933094909889276,0.0006176297754029583,3.2645034148571908,19.354838709677416,-30.292742712610064,,5.273760641489541,2.3634056125516194,0,1
plant_pi,0.35_vs_0.707,0.05,0.0025000000000000005,5.474601947547314,0.05108903547464568,0.0004566542049911099,0.00039192754558115705,2.2846094054531423,10.309278350515456,-22.12574193435016,,5.194909814439506,2.3534114396050096,0,1
plant_pi,0.15_vs_0.707,0.06,0.0036,6.940875909927004,0.46092030702745335,0.0005186665266340802,0.002118525751271544,5.516005884660707,10.309278350515456,-39.92953769035462,,3.741685254483994,1.5143491720070437,0,1
plant_pi,0.25_vs_0.707,0.06,0.0036,6.356317498756673,0.22258215430660883,0.0005663656670240557,0.0008893868765802599,3.2645034148571908,19.354838709677416,-30.292742712610064,,4.941514656426616,1.9497392635979143,0,1
plant_pi,0.35_vs_0.707,0.06,0.0036,5.474601947547314,0.07993984995821231,0.000657582055187198,0.0005643756656368661,2.2846094054531423,10.309278350515456,-22.12574193435016,,5.036963089279445,1.9830893099721214,0,1
plant_pi,0.15_vs_0.707,0.07,0.004900000000000001,6.940875909927004,0.5496065559614256,0.0007059627723630537,0.0028835489392307137,5.516005884660707,10.309278350515456,-39.92953769035462,,3.126125005716397,1.0857530725820026,0,1
plant_pi,0.25_vs_0.707,0.07,0.004900000000000001,6.356317498756673,0.27985426661231433,0.0007708866023382981,0.0012105543597897984,3.2645034148571908,19.354838709677416,-30.292742712610064,,4.577474926787104,1.617011387654301,0,1
plant_pi,0.35_vs_0.707,0.07,0.004900000000000001,5.474601947547314,0.12094719327769468,0.0008950422417825753,0.0007681779893390679,2.2846094054531423,10.309278350515456,-22.12574193435016,,4.812464207678866,1.6885236291041559,0,1
plant_pi,0.15_vs_0.707,0.08,0.0064,6.940875909927004,0.6312057718721044,0.0009220738251272537,0.003766268002260524,5.516005884660707,10.309278350515456,-39.92953769035462,,2.5597549737330336,0.7154845075267418,0,1
plant_pi,0.25_vs_0.707,0.08,0.0064,6.356317498756673,0.32960401592018734,0.0010068722969316544,0.001581132225031573,3.2645034148571908,19.354838709677416,-30.292742712610064,,4.261249724702713,1.3385817396805109,0,1
plant_pi,0.35_vs_0.707,0.08,0.0064,5.474601947547314,0.15446461907474923,0.001169034764777241,0.001003334516687762,2.2846094054531423,10.309278350515456,-22.12574193435016,,4.628969643133539,1.4449249908614705,0,1
plant_pi,0.15_vs_0.707,0.085,0.007225000000000001,6.940875909927004,0.6694453683407512,0.001040934904147564,0.004251763486926919,5.516005884660707,10.309278350515456,-39.92953769035462,,2.294338679798474,0.5733755067441406,0,1
plant_pi,0.25_vs_0.707,0.085,0.007225000000000001,6.356317498756673,0.35177835501470994,0.0011366644289580008,0.0017849500509145497,3.2645034148571908,19.354838709677416,-30.292742712610064,,4.120302585092834,1.2351308963577345,0,1
plant_pi,0.35_vs_0.707,0.085,0.007225000000000001,5.474601947547314,0.17161815410397224,0.0013197306524243076,0.0011326706067295441,2.2846094054531423,10.309278350515456,-22.12574193435016,,4.535060866855234,1.3591320292214815,0,1
plant_pi,0.15_vs_0.707,0.09,0.0081,6.940875909927004,0.7124331123675504,0.0011669996849266804,0.004766682940360974,5.516005884660707,10.309278350515456,-39.92953769035462,,1.9959660828607553,0.44954120187201246,0,1
plant_pi,0.25_vs_0.707,0.09,0.0081,6.356317498756673,0.38782717320428634,0.001274322750804125,0.0020011204723055847,3.2645034148571908,19.354838709677416,-30.292742712610064,,3.891164851224932,1.1346244078292531,0,1
plant_pi,0.35_vs_0.707,0.09,0.0081,5.474601947547314,0.1971217792015319,0.0014795596241711955,0.0012698452476829487,2.2846094054531423,10.309278350515456,-22.12574193435016,,4.395438671226616,1.2697521390638682,0,1
plant_pi,0.15_vs_0.707,0.095,0.009025,6.940875909927004,0.7556150290965873,0.0013002681674646039,0.005311026362562692,5.516005884660707,10.309278350515456,-39.92953769035462,,1.6962457572917091,0.2856540023689656,0,1
plant_pi,0.25_vs_0.707,0.095,0.009025,6.356317498756673,0.40879239514301396,0.0014198472624700283,0.0022296434892046793,3.2645034148571908,19.354838709677416,-30.292742712610064,,3.757903244150481,1.0274434446279688,0,1
plant_pi,0.35_vs_0.707,0.095,0.009025,5.474601947547314,0.2082886115367769,0.0016485216800179064,0.001414858439547977,2.2846094054531423,10.309278350515456,-22.12574193435016,,4.33430470917615,1.1904168919902547,0,1
plant_pi,0.15_vs_0.707,0.1,0.010000000000000002,6.940875909927004,0.7965838168708962,0.001440740351761334,0.005884793753532069,5.516005884660707,10.309278350515456,-39.92953769035462,,1.4118864851700954,0.15290934850278995,0,1
plant_pi,0.25_vs_0.707,0.1,0.010000000000000002,6.356317498756673,0.4404231042747654,0.0015732379639557103,0.002470519101611833,3.2645034148571908,19.354838709677416,-30.292742712610064,,3.5568484141982464,0.9396585615268217,0,1
plant_pi,0.35_vs_0.707,0.1,0.010000000000000002,5.474601947547314,0.23734705980052506,0.0018266168199644395,0.0015677101823246282,2.2846094054531423,10.309278350515456,-22.12574193435016,,4.175221271718732,1.1093618959539742,0,1
plant_pi,0.15_vs_0.707,0.105,0.011024999999999998,6.940875909927004,0.8399109591560076,0.0015884162378168704,0.006487985113269104,5.516005884660707,10.309278350515456,-39.92953769035462,,1.111158167037387,0.024385662522087168,0,1
plant_pi,0.25_vs_0.707,0.105,0.011024999999999998,6.356317498756673,0.4623283826341569,0.00173449485526117,0.002723747309527046,3.2645034148571908,19.354838709677416,-30.292742712610064,,3.41761151004731,0.8545457460146832,0,1
plant_pi,0.35_vs_0.707,0.105,0.011024999999999998,5.474601947547314,0.2513769999133381,0.002013845044010794,0.0017284004760129022,2.2846094054531423,10.309278350515456,-22.12574193435016,,4.098412934253152,1.0403771203360703,0,1
plant_pi,0.15_vs_0.707,0.11,0.0121,6.940875909927004,0.8816158508231982,0.001743295825631214,0.007120600441773802,5.516005884660707,10.309278350515456,-39.92953769035462,,0.821689689138468,-0.0626265852490416,1,1
plant_pi,0.25_vs_0.707,0.11,0.0121,6.356317498756673,0.4988566674873764,0.0019036179363864092,0.002989328112950318,3.2645034148571908,19.354838709677416,-30.292742712610064,,3.185426133835223,0.7876186341364972,0,1
plant_pi,0.35_vs_0.707,0.11,0.0121,5.474601947547314,0.2774235698316177,0.0022102063521569713,0.0018969293206128,2.2846094054531423,10.309278350515456,-22.12574193435016,,3.9558183318516122,0.9830158210384768,0,1
plant_pi,0.15_vs_0.707,0.115,0.013225,6.940875909927004,0.9205797176789423,0.001905379115204364,0.00778263973904616,5.516005884660707,10.309278350515456,-39.92953769035462,,0.5512463243218302,-0.20521916518440375,1,1
plant_pi,0.25_vs_0.707,0.115,0.013225,6.356317498756673,0.5263012114599279,0.0020806072073314267,0.003267261511881649,3.2645034148571908,19.354838709677416,-30.292742712610064,,3.010979898737097,0.6954472835064263,0,1
plant_pi,0.35_vs_0.707,0.115,0.013225,5.474601947547314,0.3016009853756446,0.002415700744402971,0.002073296716124321,2.2846094054531423,10.309278350515456,-22.12574193435016,,3.823456605627622,0.9100701838620108,0,1
plant_pi,0.15_vs_0.707,0.12,0.0144,6.940875909927004,0.9694026705620012,0.0020746661065363207,0.008474103005086176,5.516005884660707,10.309278350515456,-39.92953769035462,,0.21237226680430588,-0.31410916246638465,1,1
plant_pi,0.25_vs_0.707,0.12,0.0144,6.356317498756673,0.5571342733545103,0.0022654626680962226,0.0035575475063210397,3.2645034148571908,19.354838709677416,-30.292742712610064,,2.814995167876316,0.6248262731415906,0,1
plant_pi,0.35_vs_0.707,0.12,0.0144,5.474601947547314,0.3255965171723239,0.002630328220748792,0.0022575026625474646,2.2846094054531423,10.309278350515456,-22.12574193435016,,3.6920906205210877,0.8621706137711639,0,1
plant_pi,0.15_vs_0.707,0.125,0.015625,6.940875909927004,1.0110235373671035,0.002251156799627084,0.009194990239893857,5.516005884660707,10.309278350515456,-39.92953769035462,,-0.07651300495350778,-0.4375581601746412,0,0
plant_pi,0.25_vs_0.707,0.125,0.015625,6.356317498756673,0.5768710145614587,0.002458184318680797,0.003860186096268489,3.2645034148571908,19.354838709677416,-30.292742712610064,,2.6895421743741568,0.5614299292545026,0,1
plant_pi,0.35_vs_0.707,0.125,0.015625,5.474601947547314,0.33966269181272996,0.0028540887811944362,0.0024495471598822314,2.2846094054531423,10.309278350515456,-22.12574193435016,,3.615083913440181,0.8052317831031905,0,1
plant_pi,0.15_vs_0.707,0.13,0.016900000000000002,6.940875909927004,1.04358811803815,0.0024348511944766544,0.009945301443469196,5.516005884660707,10.309278350515456,-39.92953769035462,,-0.30253971845004934,-0.48013125562171866,0,0
plant_pi,0.25_vs_0.707,0.13,0.016900000000000002,6.356317498756673,0.6158928575266727,0.0026587721590851502,0.004175177281723999,3.2645034148571908,19.354838709677416,-30.292742712610064,,2.441506951100633,0.4956674743173723,0,1
plant_pi,0.35_vs_0.707,0.13,0.016900000000000002,5.474601947547314,0.3748496474136511,0.0030869824257399024,0.002649430208128622,2.2846094054531423,10.309278350515456,-22.12574193435016,,3.422449337779115,0.758726494116706,0,1
plant_pi,0.15_vs_0.707,0.135,0.018225,6.940875909927004,1.0934007297847905,0.0026257492910850312,0.010725036615812195,5.516005884660707,10.309278350515456,-39.92953769035462,,-0.6482828753328537,-0.6346655519847266,0,0
plant_pi,0.25_vs_0.707,0.135,0.018225,6.356317498756673,0.6319861361878596,0.002867226189309282,0.004502521062687566,3.2645034148571908,19.354838709677416,-30.292742712610064,,2.339212962334163,0.4477346551454264,0,1
plant_pi,0.35_vs_0.707,0.135,0.018225,5.474601947547314,0.3865036246597943,0.0033290091543851904,0.002857151807286635,2.2846094054531423,10.309278350515456,-22.12574193435016,,3.3586484512507075,0.7145539600313181,0,1
plant_pi,0.15_vs_0.707,0.14,0.019600000000000003,6.940875909927004,1.1329027160275287,0.002823851089452215,0.011534195756922855,5.516005884660707,10.309278350515456,-39.92953769035462,,-0.9224612600393426,-0.7416022039979498,0,0
plant_pi,0.25_vs_0.707,0.14,0.019600000000000003,6.356317498756673,0.6602481890854476,0.0030835464093531923,0.004842217439159194,3.2645034148571908,19.354838709677416,-30.292742712610064,,2.159570380950437,0.37566831433032555,0,1
plant_pi,0.35_vs_0.707,0.14,0.019600000000000003,5.474601947547314,0.4071211273937608,0.003580168967130301,0.0030727119573562716,2.2846094054531423,10.309278350515456,-22.12574193435016,,3.2457758306297744,0.6581958486789873,0,1
plant_pi,0.15_vs_0.707,0.15,0.0225,6.940875909927004,1.2198586426982767,0.003241665791463001,0.013240785945447153,5.516005884660707,10.309278350515456,-39.92953769035462,,-1.5260115566937171,-0.9362144272180032,0,0
plant_pi,0.25_vs_0.707,0.15,0.0225,6.356317498756673,0.7252438708037373,0.0035397854189003477,0.005558667978626624,3.2645034148571908,19.354838709677416,-30.292742712610064,,1.7464371919008543,0.25263034528644035,0,1
plant_pi,0.35_vs_0.707,0.15,0.0225,5.474601947547314,0.4567729913230797,0.004109887844919988,0.0035273479102304133,2.2846094054531423,10.309278350515456,-22.12574193435016,,2.9739516396629697,0.570341649165314,0,1
plant_pi,0.15_vs_0.707,0.16,0.0256,6.940875909927004,1.2975000377149226,0.0036882953005090147,0.015065072009042096,5.516005884660707,10.309278350515456,-39.92953769035462,,-2.06491084497788,-1.0882883638857743,0,0
plant_pi,0.25_vs_0.707,0.16,0.0256,6.356317498756673,0.7781681460304843,0.004027489187726618,0.006324528900126292,3.2645034148571908,19.354838709677416,-30.292742712610064,,1.4100336951680672,0.16301538848704006,0,1
plant_pi,0.35_vs_0.707,0.16,0.0256,5.474601947547314,0.4997832173602325,0.004676139059108964,0.004013338066751048,2.2846094054531423,10.309278350515456,-22.12574193435016,,2.7384877724355228,0.4965520984331912,0,1
pid_generic,0.15_vs_0.707,0.0,0.0,4.348871290837408,0.0,0.0,0.0,5.005221646308023,2.1857923497267775,-46.79629588664254,,4.348871290837408,4.348871290837408,0,1
pid_generic,0.25_vs_0.707,0.0,0.0,3.9833533398263157,0.0,0.0,0.0,2.985491464407576,8.645533141210382,-36.65341665684251,,3.9833533398263157,3.9833533398263157,0,1
pid_generic,0.35_vs_0.707,0.0,0.0,3.4350077418248146,0.0,0.0,0.0,2.11451534110351,0.5540166204986153,-27.40464967322761,,3.4350077418248146,3.4350077418248146,0,1
pid_generic,0.15_vs_0.707,0.01,0.0001,4.348871290837408,0.09237853626048513,2.2994472200335972e-05,9.430358777285843e-05,5.005221646308023,2.1857923497267775,-46.79629588664254,,3.947128926604604,3.2324154107386285,0,1
pid_generic,0.25_vs_0.707,0.01,0.0001,3.9833533398263157,0.01314334786666975,2.5104476421958656e-05,3.98359208154503e-05,2.985491464407576,8.645533141210382,-36.65341665684251,,3.930998741205119,3.2304871377767075,0,1
pid_generic,0.35_vs_0.707,0.01,0.0001,3.4350077418248146,0.0002766669774694626,2.9112015900981922e-05,2.5613600410486357e-05,2.11451534110351,0.5540166204986153,-27.40464967322761,,3.4340573886153,3.013965971492678,0,1
pid_generic,0.15_vs_0.707,0.02,0.0004,4.348871290837408,0.22559735564010902,9.197788880134389e-05,0.0003772143510914337,5.005221646308023,2.1857923497267775,-46.79629588664254,,3.3677774276053025,2.107911802869255,0,1
pid_generic,0.25_vs_0.707,0.02,0.0004,3.9833533398263157,0.07754632867900392,0.00010041790568783462,0.0001593436832618012,2.985491464407576,8.645533141210382,-36.65341665684251,,3.674458912491538,2.2262063959782776,0,1
pid_generic,0.35_vs_0.707,0.02,0.0004,3.4350077418248146,0.01049133171931699,0.00011644806360392769,0.00010245440164194543,2.11451534110351,0.5540166204986153,-27.40464967322761,,3.3989699361469095,2.143574148737931,0,1
pid_generic,0.15_vs_0.707,0.03,0.0009,4.348871290837408,0.3606577486328413,0.00020695024980302374,0.0008487322899557259,5.005221646308023,2.1857923497267775,-46.79629588664254,,2.7804171619899916,1.356798586931561,0,1
pid_generic,0.25_vs_0.707,0.03,0.0009,3.9833533398263157,0.1590060677546708,0.00022594028779762787,0.00035852328733905264,2.985491464407576,8.645533141210382,-36.65341665684251,,3.3499759887830995,1.5659739230343774,0,1
pid_generic,0.35_vs_0.707,0.03,0.0009,3.4350077418248146,0.04489602941662007,0.00026200814310883727,0.0002305224036943772,2.11451534110351,0.5540166204986153,-27.40464967322761,,3.2807895332015304,1.5514062119342396,0,1
pid_generic,0.15_vs_0.707,0.04,0.0016,4.348871290837408,0.4967564756426024,0.00036791155520537555,0.0015088574043657349,5.005221646308023,2.1857923497267775,-46.79629588664254,,2.1885413153777233,0.8568254284749015,0,1
pid_generic,0.25_vs_0.707,0.04,0.0016,3.9833533398263157,0.2503885684607517,0.0004016716227513385,0.0006373747330472048,2.985491464407576,8.645533141210382,-36.65341665684251,,2.9859671993938517,1.1520469603457375,0,1
pid_generic,0.35_vs_0.707,0.04,0.0016,3.4350077418248146,0.1026481779581001,0.00046579225441571075,0.0004098176065677817,2.11451534110351,0.5540166204986153,-27.40464967322761,,3.08241045585453,1.1812207141304458,0,1
pid_generic,0.15_vs_0.707,0.05,0.0025000000000000005,4.348871290837408,0.6289190199083895,0.0005748618050083994,0.002357589694321461,5.005221646308023,2.1857923497267775,-46.79629588664254,,1.6137834208962134,0.47088999702940304,0,1
pid_generic,0.25_vs_0.707,0.05,0.0025000000000000005,3.9833533398263157,0.3296830514144545,0.0006276119105489664,0.0009958980203862576,2.985491464407576,8.645533141210382,-36.65341665684251,,2.6701092558904187,0.8557163433629433,0,1
pid_generic,0.35_vs_0.707,0.05,0.0025000000000000005,3.4350077418248146,0.15451174768378104,0.0007278003975245481,0.0006403400102621591,2.11451534110351,0.5540166204986153,-27.40464967322761,,2.904258692328145,0.9238285608866256,0,1
pid_generic,0.15_vs_0.707,0.06,0.0036,4.348871290837408,0.7727461505110511,0.000827800999212095,0.0033949291598229037,5.005221646308023,2.1857923497267775,-46.79629588664254,,0.9882977417747758,0.16770579360848237,0,1
pid_generic,0.25_vs_0.707,0.06,0.0036,3.9833533398263157,0.42102239876468356,0.0009037611511905115,0.0014340931493562106,2.985491464407576,8.645533141210382,-36.65341665684251,,2.3062723615653278,0.6497067135945158,0,1
pid_generic,0.35_vs_0.707,0.06,0.0036,3.4350077418248146,0.22307796202689395,0.001048032572435349,0.0009220896147775088,2.11451534110351,0.5540166204986153,-27.40464967322761,,2.6687332152319323,0.7481728177648064,0,1
pid_generic,0.15_vs_0.707,0.07,0.004900000000000001,4.348871290837408,0.8993556941546628,0.0011267291378164628,0.004620875800870064,5.005221646308023,2.1857923497267775,-46.79629588664254,,0.43768913227704725,-0.07871178841814228,1,1
pid_generic,0.25_vs_0.707,0.07,0.004900000000000001,3.9833533398263157,0.5065303977558765,0.0012301193446759742,0.0019519601199570649,2.985491464407576,8.645533141210382,-36.65341665684251,,1.965663788201894,0.4858101134877166,0,1
pid_generic,0.35_vs_0.707,0.07,0.004900000000000001,3.4350077418248146,0.29476492272090327,0.0014264887791481144,0.0012550664201138317,2.11451534110351,0.5540166204986153,-27.40464967322761,,2.4224879502601193,0.6126280060015254,0,1
pid_generic,0.15_vs_0.707,0.08,0.0064,4.348871290837408,1.0270302817477428,0.0014716462208215022,0.006035429617462939,5.005221646308023,2.1857923497267775,-46.79629588664254,,-0.11755121627600452,-0.2910685606733115,0,0
pid_generic,0.25_vs_0.707,0.08,0.0064,3.9833533398263157,0.595816623009355,0.001606686491005354,0.002549498932188819,2.985491464407576,8.645533141210382,-36.65341665684251,,1.610005204637965,0.3448856939436943,0,1
pid_generic,0.35_vs_0.707,0.08,0.0064,3.4350077418248146,0.363374385902671,0.001863169017662843,0.0016392704262711269,2.11451534110351,0.5540166204986153,-27.40464967322761,,2.186813913068302,0.4973856938118778,0,1
pid_generic,0.15_vs_0.707,0.085,0.007225000000000001,4.348871290837408,1.0839172495047602,0.0016613506164742742,0.006813434216589023,5.005221646308023,2.1857923497267775,-46.79629588664254,,-0.3649453171772917,-0.3611880586054126,0,0
pid_generic,0.25_vs_0.707,0.085,0.007225000000000001,3.9833533398263157,0.6406595917661305,0.0018137984214865132,0.0028781452789162845,2.985491464407576,8.645533141210382,-36.65341665684251,,1.4313798152729365,0.28832952290990826,0,1
pid_generic,0.35_vs_0.707,0.085,0.007225000000000001,3.4350077418248146,0.39850506953804593,0.002103343148845944,0.0018505826296576395,2.11451534110351,0.5540166204986153,-27.40464967322761,,2.0661397428051917,0.4553105043314447,0,1
pid_generic,0.15_vs_0.707,0.09,0.0081,4.348871290837408,1.1575952816405273,0.0018625522482272137,0.007638590609601533,5.005221646308023,2.1857923497267775,-46.79629588664254,,-0.6853615958979267,-0.47186553034997003,0,0
pid_generic,0.25_vs_0.707,0.09,0.0081,3.9833533398263157,0.6956579975476661,0.002033462590178651,0.0032267095860514738,2.985491464407576,8.645533141210382,-36.65341665684251,,1.2123017319179334,0.2180213267676595,0,1
pid_generic,0.35_vs_0.707,0.09,0.0081,3.4350077418248146,0.43674718654156286,0.002358073287979535,0.0020747016332493947,2.11451534110351,0.5540166204986153,-27.40464967322761,,1.93477777483434,0.4067464955701404,0,1
pid_generic,0.15_vs_0.707,0.095,0.009025,4.348871290837408,1.2356834689046077,0.0020752511160803213,0.008510898796500473,5.005221646308023,2.1857923497267775,-46.79629588664254,,-1.02495707164422,-0.6017899014650498,0,0
pid_generic,0.25_vs_0.707,0.095,0.009025,3.9833533398263157,0.7246760896963107,0.0022656789970817684,0.0035951918535943894,2.985491464407576,8.645533141210382,-36.65341665684251,,1.0967124176422427,0.17910471411957915,0,1
pid_generic,0.35_vs_0.707,0.095,0.009025,3.4350077418248146,0.46436876917071684,0.002627359435063618,0.0023116274370463936,2.11451534110351,0.5540166204986153,-27.40464967322761,,1.8398974246617426,0.37371353627869147,0,1
pid_generic,0.15_vs_0.707,0.1,0.010000000000000002,4.348871290837408,1.2921909263914393,0.0022994472200335977,0.009430358777285845,5.005221646308023,2.1857923497267775,-46.79629588664254,,-1.2707007312269172,-0.6682617480157087,0,0
pid_generic,0.25_vs_0.707,0.1,0.010000000000000002,3.9833533398263157,0.76865336981782,0.0025104476421958658,0.0039835920815450305,2.985491464407576,8.645533141210382,-36.65341665684251,,0.9215353719937509,0.11953730393361142,0,1
pid_generic,0.35_vs_0.707,0.1,0.010000000000000002,3.4350077418248146,0.49773678272648253,0.0029112015900981925,0.0025613600410486362,2.11451534110351,0.5540166204986153,-27.40464967322761,,1.7252780397683722,0.3305369815150652,0,1
pid_generic,0.15_vs_0.707,0.105,0.011024999999999998,4.348871290837408,1.370153364919862,0.0025351405600870405,0.010396970551957641,5.005221646308023,2.1857923497267775,-46.79629588664254,,-1.609749341906852,-0.7791398450162611,0,0
pid_generic,0.25_vs_0.707,0.105,0.011024999999999998,3.9833533398263157,0.819713432899317,0.0027677685255209413,0.0043919102699033945,2.985491464407576,8.645533141210382,-36.65341665684251,,0.7181450991863275,0.07150578522329985,0,1
pid_generic,0.35_vs_0.707,0.105,0.011024999999999998,3.4350077418248146,0.5410521109485718,0.0032095997530832564,0.0028238994452561205,2.11451534110351,0.5540166204986153,-27.40464967322761,,1.5764895519858126,0.2938720029238916,0,1
pid_generic,0.15_vs_0.707,0.11,0.0121,4.348871290837408,1.438530955410713,0.0027823311362406527,0.011410734120515869,5.005221646308023,2.1857923497267775,-46.79629588664254,,-1.90711468212915,-0.8714691475640403,0,0
pid_generic,0.25_vs_0.707,0.11,0.0121,3.9833533398263157,0.8657119045453814,0.003037641647056997,0.004820146418669486,2.985491464407576,8.645533141210382,-36.65341665684251,,0.5349169335280706,0.02758998362030111,0,1
pid_generic,0.35_vs_0.707,0.11,0.0121,3.4350077418248146,0.5800785066940535,0.0035225539240188123,0.003099245649668849,2.11451534110351,0.5540166204986153,-27.40464967322761,,1.4424335804645636,0.26236656355122717,0,1
pid_generic,0.15_vs_0.707,0.115,0.013225,4.348871290837408,1.490222952624181,0.0030410189484944327,0.012471649482960529,5.005221646308023,2.1857923497267775,-46.79629588664254,,-2.131916524776849,-0.9167073463396513,0,0
pid_generic,0.25_vs_0.707,0.115,0.013225,3.9833533398263157,0.9184282377610558,0.003320067006804032,0.005268300527843302,2.985491464407576,8.645533141210382,-36.65341665684251,,0.32492915155001645,-0.016186388171533228,1,1
pid_generic,0.35_vs_0.707,0.115,0.013225,3.4350077418248146,0.6224666893572077,0.003850064102904859,0.003387398654286821,2.11451534110351,0.5540166204986153,-27.40464967322761,,1.2968298448547444,0.23207253175136175,0,1
pid_generic,0.15_vs_0.707,0.12,0.0144,4.348871290837408,1.5594511888171894,0.00331120399684838,0.013579716639291615,5.005221646308023,2.1857923497267775,-46.79629588664254,,-2.432981213671935,-1.0204746135824416,0,0
pid_generic,0.25_vs_0.707,0.12,0.0144,3.9833533398263157,0.9508979674962088,0.003615044604762046,0.005736372597424842,2.985491464407576,8.645533141210382,-36.65341665684251,,0.19559074516623742,-0.0741123642668124,1,1
pid_generic,0.35_vs_0.707,0.12,0.0144,3.4350077418248146,0.6423511671331171,0.004192130289741396,0.0036883584591100352,2.11451534110351,0.5540166204986153,-27.40464967322761,,1.228526509752352,0.19685506927098698,0,1
pid_generic,0.15_vs_0.707,0.125,0.015625,4.348871290837408,1.6076372512733077,0.0035928862813024956,0.01473493558950913,5.005221646308023,2.1857923497267775,-46.79629588664254,,-2.6425361973058465,-1.0812929083292506,0,0
pid_generic,0.25_vs_0.707,0.125,0.015625,3.9833533398263157,0.9860727746826197,0.00392257444093104,0.006224362627414109,2.985491464407576,8.645533141210382,-36.65341665684251,,0.055477059482500604,-0.10599440134089452,1,1
pid_generic,0.35_vs_0.707,0.125,0.015625,3.4350077418248146,0.6661968664741149,0.004548752484528425,0.004002125064138494,2.11451534110351,0.5540166204986153,-27.40464967322761,,1.1466163479067977,0.17873150022930695,0,1
pid_generic,0.15_vs_0.707,0.13,0.016900000000000002,4.348871290837408,1.694050757469051,0.00388606580185678,0.015937306333613076,5.005221646308023,2.1857923497267775,-46.79629588664254,,-3.018337413541113,-1.180751725108495,0,0
pid_generic,0.25_vs_0.707,0.13,0.016900000000000002,3.9833533398263157,1.0355597946869393,0.004242656515311013,0.006732270617811101,2.985491464407576,8.645533141210382,-36.65341665684251,,-0.14164722692975726,-0.13403089580993022,0,0
pid_generic,0.35_vs_0.707,0.13,0.016900000000000002,3.4350077418248146,0.7150735453133058,0.004919930687265945,0.0043286984693721945,2.11451534110351,0.5540166204986153,-27.40464967322761,,0.9787245776994922,0.1506652149393385,0,1
pid_generic,0.15_vs_0.707,0.135,0.018225,4.348871290837408,1.7674515778713205,0.004190742558511231,0.01718682887160345,5.005221646308023,2.1857923497267775,-46.79629588664254,,-3.3375481341124553,-1.2609030174888771,0,0
pid_generic,0.25_vs_0.707,0.135,0.018225,3.9833533398263157,1.0840744858002909,0.004575290827901965,0.007260096568615817,2.985491464407576,8.645533141210382,-36.65341665684251,,-0.3348983838067691,-0.1717911616484023,0,0
pid_generic,0.35_vs_0.707,0.135,0.018225,3.4350077418248146,0.7551614488494793,0.005305664897953955,0.004668078674811139,2.11451534110351,0.5540166204986153,-27.40464967322761,,0.8410223186992097,0.12398285516448627,0,1
pid_generic,0.15_vs_0.707,0.14,0.019600000000000003,4.348871290837408,1.8141332229763028,0.004506916551265851,0.018483503203480255,5.005221646308023,2.1857923497267775,-46.79629588664254,,-3.540560600318574,-1.3263081422484704,0,0
pid_generic,0.25_vs_0.707,0.14,0.019600000000000003,3.9833533398263157,1.115653584444701,0.004920477378703897,0.0078078404798282595,2.985491464407576,8.645533141210382,-36.65341665684251,,-0.4606890918606854,-0.21131335049258942,0,0
pid_generic,0.35_vs_0.707,0.14,0.019600000000000003,3.4350077418248146,0.7852622207853946,0.0057059551165924574,0.005020265680455327,2.11451534110351,0.5540166204986153,-27.40464967322761,,0.7376259340644372,0.10205785939500514,0,1
pid_generic,0.15_vs_0.707,0.15,0.0225,4.348871290837408,1.9423465022186779,0.005173756245075593,0.021218307248893148,5.005221646308023,2.1857923497267775,-46.79629588664254,,-4.098143649519861,-1.5080060484441422,0,0
pid_generic,0.25_vs_0.707,0.15,0.0225,3.9833533398263157,1.1840438082323168,0.005648507194940697,0.008963082183476318,2.985491464407576,8.645533141210382,-36.65341665684251,,-0.7331115181965537,-0.2871584355057488,0,0
pid_generic,0.35_vs_0.707,0.15,0.0225,3.4350077418248146,0.8266033233113894,0.006550203577720932,0.00576306009235943,2.11451534110351,0.5540166204986153,-27.40464967322761,,0.5956189268320718,0.04971410185568891,0,1
pid_generic,0.15_vs_0.707,0.16,0.0256,4.348871290837408,2.060877329709326,0.005886584883286009,0.024141718469851758,5.005221646308023,2.1857923497267775,-46.79629588664254,,-4.613618962273144,-1.6249413065038658,0,0
pid_generic,0.25_vs_0.707,0.16,0.0256,3.9833533398263157,1.2720366875888314,0.006426745964021416,0.010197995728755276,2.985491464407576,8.645533141210382,-36.65341665684251,,-1.08361824806226,-0.3446183847308291,0,0
pid_generic,0.35_vs_0.707,0.16,0.0256,3.4350077418248146,0.905636100617479,0.007452676070651372,0.0065570817050845075,2.11451534110351,0.5540166204986153,-27.40464967322761,,0.3241407249277378,0.011843509132886926,0,1
powerplant_load_following,0.15_vs_0.707,0.0,0.0,18.185747046988674,0.0,0.0,0.0,4.321602955987302,6.235011990407677,-47.6000924555229,,18.185747046988674,18.185747046988674,0,1
powerplant_load_following,0.25_vs_0.707,0.0,0.0,16.640267881383174,0.0,0.0,0.0,2.6111121510313646,5.076142131979694,-37.17125545873763,,16.640267881383174,16.640267881383174,0,1
powerplant_load_following,0.35_vs_0.707,0.0,0.0,14.374727724460858,0.0,0.0,0.0,1.8847710474703459,2.444987775061132,-27.523222116467664,,14.374727724460858,14.374727724460858,0,1
powerplant_load_following,0.15_vs_0.707,0.01,0.0001,18.185747046988674,0.03585771821821515,5.498811775046587e-06,1.0450819042892346e-05,4.321602955987302,6.235011990407677,-47.6000924555229,,17.53364765379002,15.87079759914989,0,1
powerplant_load_following,0.25_vs_0.707,0.01,0.0001,16.640267881383174,0.0009693889107161575,6.009518639533331e-06,4.538722396440908e-06,2.6111121510313646,5.076142131979694,-37.17125545873763,,16.624136990227612,15.448885758528473,0,1
powerplant_load_following,0.35_vs_0.707,0.01,0.0001,14.374727724460858,0.00020774471575539462,6.956653504457987e-06,3.031500613117589e-06,1.8847710474703459,2.444987775061132,-27.523222116467664,,14.371741450735678,13.975483172485562,0,1
powerplant_load_following,0.15_vs_0.707,0.02,0.0004,18.185747046988674,0.10391478242314633,2.1995247100186346e-05,4.1803276171569384e-05,4.321602955987302,6.235011990407677,-47.6000924555229,,16.295979099398476,12.840863589087144,0,1
powerplant_load_following,0.25_vs_0.707,0.02,0.0004,16.640267881383174,0.01812522810483175,2.4038074558133324e-05,1.8154889585763633e-05,2.6111121510313646,5.076142131979694,-37.17125545873763,,16.338659230307595,12.83885399568705,0,1
powerplant_load_following,0.35_vs_0.707,0.02,0.0004,14.374727724460858,0.0006298672603945915,2.7826614017831948e-05,1.2126002452470356e-05,1.8847710474703459,2.444987775061132,-27.523222116467664,,14.365673554090131,12.028960087863855,0,1
powerplant_load_following,0.15_vs_0.707,0.03,0.0009,18.185747046988674,0.17673624391109874,4.948930597541928e-05,9.405737138603111e-05,4.321602955987302,6.235011990407677,-47.6000924555229,,14.971666421186546,10.087989543918443,0,1
powerplant_load_following,0.25_vs_0.707,0.03,0.0009,16.640267881383174,0.05259313298536903,5.4085667755799976e-05,4.0848501567968175e-05,2.6111121510313646,5.076142131979694,-37.17125545873763,,15.76510405978542,10.364649998131961,0,1
powerplant_load_following,0.35_vs_0.707,0.03,0.0009,14.374727724460858,0.0051192658201712204,6.260988154012187e-05,2.72835055180583e-05,1.8847710474703459,2.444987775061132,-27.523222116467664,,14.301139672146755,9.864171150882461,0,1
powerplant_load_following,0.15_vs_0.707,0.04,0.0016,18.185747046988674,0.24207842071632552,8.798098840074539e-05,0.00016721310468627754,4.321602955987302,6.235011990407677,-47.6000924555229,,13.78337012230708,7.954729346455274,0,1
powerplant_load_following,0.25_vs_0.707,0.04,0.0016,16.640267881383174,0.08945678520827167,9.61522982325333e-05,7.261955834305453e-05,2.6111121510313646,5.076142131979694,-37.17125545873763,,15.151683011710173,8.43590594137683,0,1
powerplant_load_following,0.35_vs_0.707,0.04,0.0016,14.374727724460858,0.016078933514345778,0.00011130645607132779,4.8504009809881425e-05,1.8847710474703459,2.444987775061132,-27.523222116467664,,14.14359743309243,8.123824792563813,0,1
powerplant_load_following,0.15_vs_0.707,0.05,0.0025000000000000005,18.185747046988674,0.319356781186414,0.0001374702943761647,0.0002612704760723087,4.321602955987302,6.235011990407677,-47.6000924555229,,12.378005406592042,6.292481625870769,0,1
powerplant_load_following,0.25_vs_0.707,0.05,0.0025000000000000005,16.640267881383174,0.137476779395383,0.0001502379659883333,0.00011346805991102274,2.6111121510313646,5.076142131979694,-37.17125545873763,,14.352617444774179,6.968923293398812,0,1
powerplant_load_following,0.35_vs_0.707,0.05,0.0025000000000000005,14.374727724460858,0.038409694352002345,0.00017391633761144968,7.578751532793974e-05,1.8847710474703459,2.444987775061132,-27.523222116467664,,13.82259882617106,6.800626541308458,0,1
powerplant_load_following,0.15_vs_0.707,0.06,0.0036,18.185747046988674,0.3868534153860715,0.0001979572239016771,0.00037622948554412444,4.321602955987302,6.235011990407677,-47.6000924555229,,11.150528690513946,4.973345847817174,0,1
powerplant_load_following,0.25_vs_0.707,0.06,0.0036,16.640267881383174,0.1781771202945742,0.0002163426710231999,0.0001633940062718727,2.6111121510313646,5.076142131979694,-37.17125545873763,,13.675352869348021,5.856284997321153,0,1
powerplant_load_following,0.35_vs_0.707,0.06,0.0036,14.374727724460858,0.06218822742804399,0.0002504395261604875,0.0001091340220722332,1.8847710474703459,2.444987775061132,-27.523222116467664,,13.480788887515876,5.7950373639120105,0,1
powerplant_load_following,0.15_vs_0.707,0.07,0.004900000000000001,18.185747046988674,0.4559433967945772,0.00026944177697728274,0.000512090133101725,4.321602955987302,6.235011990407677,-47.6000924555229,,9.89407576513771,3.909826904063918,0,1
powerplant_load_following,0.25_vs_0.707,0.07,0.004900000000000001,16.640267881383174,0.21987954302744858,0.00029446641333713325,0.00022239739742560454,2.6111121510313646,5.076142131979694,-37.17125545873763,,12.981413383770308,5.005584721849139,0,1
powerplant_load_following,0.35_vs_0.707,0.07,0.004900000000000001,14.374727724460858,0.0894320793635826,0.0003408760217184414,0.00014854353004276188,1.8847710474703459,2.444987775061132,-27.523222116467664,,13.089165933776986,5.02450940827419,0,1
powerplant_load_following,0.15_vs_0.707,0.08,0.0064,18.185747046988674,0.5344965096707387,0.00035192395360298154,0.0006688524187451101,4.321602955987302,6.235011990407677,-47.6000924555229,,8.465528724618286,2.9987970990240402,0,1
powerplant_load_following,0.25_vs_0.707,0.08,0.0064,16.640267881383174,0.2767190581627753,0.0003846091929301332,0.00029047823337221814,2.6111121510313646,5.076142131979694,-37.17125545873763,,12.035588625670538,4.238163547112579,0,1
powerplant_load_following,0.35_vs_0.707,0.08,0.0064,14.374727724460858,0.12598526140738592,0.00044522582428531117,0.0001940160392395257,1.8847710474703459,2.444987775061132,-27.523222116467664,,12.563723894434656,4.366711356201884,0,1
powerplant_load_following,0.15_vs_0.707,0.085,0.007225000000000001,18.185747046988674,0.5692934443909738,0.0003972891507471159,0.0007550716758489721,4.321602955987302,6.235011990407677,-47.6000924555229,,7.832720471785514,2.5660368905972244,0,1
powerplant_load_following,0.25_vs_0.707,0.085,0.007225000000000001,16.640267881383174,0.29662143639413374,0.00043418772170628327,0.0003279226931428557,2.6111121510313646,5.076142131979694,-37.17125545873763,,11.704407720424125,3.932786111454239,0,1
powerplant_load_following,0.35_vs_0.707,0.085,0.007225000000000001,14.374727724460858,0.1402745100638058,0.0005026182156970896,0.00021902591929774586,1.8847710474703459,2.444987775061132,-27.523222116467664,,12.358319835611503,4.1022719761315045,0,1
powerplant_load_following,0.15_vs_0.707,0.09,0.0081,18.185747046988674,0.6077681953574074,0.0004454037537787735,0.00084651634247428,4.321602955987302,6.235011990407677,-47.6000924555229,,7.13302838301407,2.2175499515787167,0,1
powerplant_load_following,0.25_vs_0.707,0.09,0.0081,16.640267881383174,0.31990912358493284,0.0004867710098021998,0.00036763651411171356,2.6111121510313646,5.076142131979694,-37.17125545873763,,11.316894367231374,3.678983769002224,0,1
powerplant_load_following,0.35_vs_0.707,0.09,0.0081,14.374727724460858,0.15838995646529647,0.0005634889338610969,0.0002455515496625247,1.8847710474703459,2.444987775061132,-27.523222116467664,,12.09791522598301,3.875573554174437,0,1
powerplant_load_following,0.15_vs_0.707,0.095,0.009025,18.185747046988674,0.6362229033725042,0.0004962677626979544,0.0009431864186210343,4.321602955987302,6.235011990407677,-47.6000924555229,,6.6155582607555985,1.8592672300084623,0,1
powerplant_load_following,0.25_vs_0.707,0.095,0.009025,16.640267881383174,0.3431835995547191,0.0005423590572178832,0.000409619696278792,2.6111121510313646,5.076142131979694,-37.17125545873763,,10.929600852295314,3.406294021762929,0,1
powerplant_load_following,0.35_vs_0.707,0.095,0.009025,14.374727724460858,0.1753296136466805,0.0006278379787773333,0.00027359293033386243,1.8847710474703459,2.444987775061132,-27.523222116467664,,11.854412266254908,3.6454235145062577,0,1
powerplant_load_following,0.15_vs_0.707,0.1,0.010000000000000002,18.185747046988674,0.6759112660804242,0.0005498811775046588,0.0010450819042892349,4.321602955987302,6.235011990407677,-47.6000924555229,,5.893795735840228,1.5163449888104328,0,1
powerplant_load_following,0.25_vs_0.707,0.1,0.010000000000000002,16.640267881383174,0.3691246843712904,0.0006009518639533332,0.00045387223964409094,2.6111121510313646,5.076142131979694,-37.17125545873763,,10.497934251813886,3.1509278531724347,0,1
powerplant_load_following,0.35_vs_0.707,0.1,0.010000000000000002,14.374727724460858,0.19751236814666823,0.0006956653504457987,0.00030315006131175897,1.8847710474703459,2.444987775061132,-27.523222116467664,,11.535541210139025,3.4311042549464603,0,1
powerplant_load_following,0.15_vs_0.707,0.105,0.011024999999999998,18.185747046988674,0.7186182451725458,0.000606243998198886,0.001152202799478881,4.321602955987302,6.235011990407677,-47.6000924555229,,5.117137416929872,1.2077467574072185,0,1
powerplant_load_following,0.25_vs_0.707,0.105,0.011024999999999998,16.640267881383174,0.39961315388145635,0.0006625494300085496,0.0005003941442076101,2.6111121510313646,5.076142131979694,-37.17125545873763,,9.990597951871342,2.9447947575962687,0,1
powerplant_load_following,0.35_vs_0.707,0.105,0.011024999999999998,14.374727724460858,0.22227505236216372,0.0007669710488664929,0.00033422294259621415,1.8847710474703459,2.444987775061132,-27.523222116467664,,11.179584366814474,3.2439027526585056,0,1
powerplant_load_following,0.15_vs_0.707,0.11,0.0121,18.185747046988674,0.7461587476426226,0.0006653562247806369,0.0012645491041899737,4.321602955987302,6.235011990407677,-47.6000924555229,,4.616292805462086,0.9757446922982009,0,1
powerplant_load_following,0.25_vs_0.707,0.11,0.0121,16.640267881383174,0.4181024031915994,0.0007271517553835331,0.0005491854099693499,2.6111121510313646,5.076142131979694,-37.17125545873763,,9.682931890424884,2.7380419337264925,0,1
powerplant_load_following,0.35_vs_0.707,0.11,0.0121,14.374727724460858,0.23281778212087761,0.0008417550740394163,0.00036681157418722824,1.8847710474703459,2.444987775061132,-27.523222116467664,,11.02803549706039,3.077548372650591,0,1
powerplant_load_following,0.15_vs_0.707,0.115,0.013225,18.185747046988674,0.7945360115855372,0.0007272178572499111,0.0013821208184225128,4.321602955987302,6.235011990407677,-47.6000924555229,,3.7365161205708333,0.6607756095884865,0,1
powerplant_load_following,0.25_vs_0.707,0.115,0.013225,16.640267881383174,0.4507406651355857,0.0007947588400782831,0.0006002460369293101,2.6111121510313646,5.076142131979694,-37.17125545873763,,9.139822468494197,2.5337946981684167,0,1
powerplant_load_following,0.35_vs_0.707,0.115,0.013225,14.374727724460858,0.2552706953406807,0.0009200174259645687,0.0004009159560848012,1.8847710474703459,2.444987775061132,-27.523222116467664,,10.705280982904773,2.920467134709073,0,1
powerplant_load_following,0.15_vs_0.707,0.12,0.0144,18.185747046988674,0.8191593357731382,0.0007918288956067084,0.0015049179421764978,4.321602955987302,6.235011990407677,-47.6000924555229,,3.2887225754391283,0.41274645893410966,0,1
powerplant_load_following,0.25_vs_0.707,0.12,0.0144,16.640267881383174,0.4695621616410632,0.0008653706840927996,0.0006535760250874908,2.6111121510313646,5.076142131979694,-37.17125545873763,,8.826627724714532,2.358719526000436,0,1
powerplant_load_following,0.35_vs_0.707,0.12,0.0144,14.374727724460858,0.2745308689265065,0.00100175810464195,0.0004365360882889328,1.8847710474703459,2.444987775061132,-27.523222116467664,,10.428421231682673,2.7476919817209415,0,1
powerplant_load_following,0.15_vs_0.707,0.125,0.015625,18.185747046988674,0.8579540664760954,0.000859189339851029,0.0016329404754519292,4.321602955987302,6.235011990407677,-47.6000924555229,,2.5832114161191,0.12658037757925725,0,1
powerplant_load_following,0.25_vs_0.707,0.125,0.015625,16.640267881383174,0.4902125284359647,0.000938987287427083,0.000709175374443892,2.6111121510313646,5.076142131979694,-37.17125545873763,,8.483000089398553,2.1919161319324734,0,1
powerplant_load_following,0.35_vs_0.707,0.125,0.015625,14.374727724460858,0.2895117384134302,0.0010869771100715604,0.0004736719707996233,1.8847710474703459,2.444987775061132,-27.523222116467664,,10.213075311732462,2.624923470675904,0,1
powerplant_load_following,0.15_vs_0.707,0.13,0.016900000000000002,18.185747046988674,0.8931156913071785,0.0009292991899828732,0.0017661884182488066,4.321602955987302,6.235011990407677,-47.6000924555229,,1.9437710011799048,-0.12487835801155503,1,1
powerplant_load_following,0.25_vs_0.707,0.13,0.016900000000000002,16.640267881383174,0.5123192901102753,0.0010156086500811331,0.0007670440849985136,2.6111121510313646,5.076142131979694,-37.17125545873763,,8.11513765314813,1.9973737882342486,0,1
powerplant_load_following,0.35_vs_0.707,0.13,0.016900000000000002,14.374727724460858,0.30547349694038833,0.0011756744422533997,0.0005123236036168726,1.8847710474703459,2.444987775061132,-27.523222116467664,,9.98362937890385,2.4868618273183216,0,1
powerplant_load_following,0.15_vs_0.707,0.135,0.018225,18.185747046988674,0.9253223839398899,0.0010021584460022405,0.0019046617705671305,4.321602955987302,6.235011990407677,-47.6000924555229,,1.3580682357413028,-0.36591071703966954,1,1
powerplant_load_following,0.25_vs_0.707,0.135,0.018225,16.640267881383174,0.5376429832158074,0.0010952347720549498,0.0008271821567513557,2.6111121510313646,5.076142131979694,-37.17125545873763,,7.693744616126139,1.8543344231908172,0,1
powerplant_load_following,0.35_vs_0.707,0.135,0.018225,14.374727724460858,0.3311493328565952,0.0012678501011874682,0.0005524909867406807,1.8847710474703459,2.444987775061132,-27.523222116467664,,9.61454622851044,2.337241854300875,0,1
powerplant_load_following,0.15_vs_0.707,0.14,0.019600000000000003,18.185747046988674,0.9597721999326294,0.001077767107909131,0.0020483605324069,4.321602955987302,6.235011990407677,-47.6000924555229,,0.7315725962820333,-0.5577825319869989,1,1
powerplant_load_following,0.25_vs_0.707,0.14,0.019600000000000003,16.640267881383174,0.5654928593248898,0.001177865653348533,0.0008895895897024182,2.6111121510313646,5.076142131979694,-37.17125545873763,,7.230315217207677,1.7135171046939224,0,1
powerplant_load_following,0.35_vs_0.707,0.14,0.019600000000000003,14.374727724460858,0.354588235556752,0.0013635040868737655,0.0005941741201710475,1.8847710474703459,2.444987775061132,-27.523222116467664,,9.277618384035557,2.225144947726437,0,1
powerplant_load_following,0.15_vs_0.707,0.145,0.021025,18.185747046988674,0.9900820969173001,0.0011561251757035446,0.0021972847037681153,4.321602955987302,6.235011990407677,-47.6000924555229,,0.1803644766985312,-0.7908556829467907,1,1
powerplant_load_following,0.25_vs_0.707,0.145,0.021025,16.640267881383174,0.5885562007351607,0.0012635012939618828,0.000954266383851701,2.6111121510313646,5.076142131979694,-37.17125545873763,,6.846535037900972,1.5780755404168143,0,1
powerplant_load_following,0.35_vs_0.707,0.145,0.021025,14.374727724460858,0.3719826565928235,0.0014626363993122916,0.000637373003907973,1.8847710474703459,2.444987775061132,-27.523222116467664,,9.027578317717394,2.1079798053346153,0,1
powerplant_load_following,0.15_vs_0.707,0.15,0.0225,18.185747046988674,1.0262420785580686,0.0012372326493854818,0.0023514342846507777,4.321602955987302,6.235011990407677,-47.6000924555229,,-0.47723180264423987,-1.0241504626633602,0,0
powerplant_load_following,0.25_vs_0.707,0.15,0.0225,16.640267881383174,0.6035399524264573,0.0013521416938949995,0.0010212125391992045,2.6111121510313646,5.076142131979694,-37.17125545873763,,6.597201395889667,1.4358568027051324,0,1
powerplant_load_following,0.35_vs_0.707,0.15,0.0225,14.374727724460858,0.382432022862798,0.001565247038503047,0.0006820876379514576,1.8847710474703459,2.444987775061132,-27.523222116467664,,8.877371522693347,2.0198349810041476,0,1
powerplant_load_following,0.15_vs_0.707,0.16,0.0256,18.185747046988674,1.1049724811199488,0.0014076958144119262,0.0026754096749804406,4.321602955987302,6.235011990407677,-47.6000924555229,,-1.9090029885421849,-1.4705243207004135,0,0
powerplant_load_following,0.25_vs_0.707,0.16,0.0256,16.640267881383174,0.6561505147842779,0.0015384367717205328,0.0011619129334888725,2.6111121510313646,5.076142131979694,-37.17125545873763,,5.721747544865319,1.1579478492328081,0,1
powerplant_load_following,0.35_vs_0.707,0.16,0.0256,14.374727724460858,0.4232905735247507,0.0017809032971412447,0.0007760641569581028,1.8847710474703459,2.444987775061132,-27.523222116467664,,8.290040981711686,1.8165350018048698,0,1
powerplant_load_following,0.15_vs_0.707,0.17,0.028900000000000006,18.185747046988674,1.180827144688185,0.0015891566029884636,0.0030202867033958885,4.321602955987302,6.235011990407677,-47.6000924555229,,-3.2884767125285537,-1.8598663498649342,0,0
powerplant_load_following,0.25_vs_0.707,0.17,0.028900000000000006,16.640267881383174,0.7172401996791308,0.001736750886825133,0.0013116907725714228,2.6111121510313646,5.076142131979694,-37.17125545873763,,4.705198823425678,0.9236403973512839,0,1
powerplant_load_following,0.35_vs_0.707,0.17,0.028900000000000006,14.374727724460858,0.4677685045418837,0.0020104728627883582,0.0008761036771909834,1.8847710474703459,2.444987775061132,-27.523222116467664,,7.650682833593047,1.6480006427420455,0,1
powerplant_load_following,0.15_vs_0.707,0.18,0.0324,18.185747046988674,1.2339594580209379,0.001781615015115094,0.00338606536989712,4.321602955987302,6.235011990407677,-47.6000924555229,,-4.254727522819346,-2.2241778919389854,0,0
powerplant_load_following,0.25_vs_0.707,0.18,0.0324,16.640267881383174,0.7513690707270021,0.0019470840392087992,0.0014705460564468542,2.6111121510313646,5.076142131979694,-37.17125545873763,,4.137285266699918,0.702387132385566,0,1
powerplant_load_following,0.35_vs_0.707,0.18,0.0324,14.374727724460858,0.4984103154179419,0.0022539557354443874,0.0009822061986500988,1.8847710474703459,2.444987775061132,-27.523222116467664,,7.210215145265286,1.464075934370643,0,1
powerplant_load_following,0.15_vs_0.707,0.19,0.0361,18.185747046988674,1.3216076083955943,0.0019850710507918175,0.003772745674484137,4.321602955987302,6.235011990407677,-47.6000924555229,,-5.848674614669273,-2.7034841689331874,0,0
powerplant_load_following,0.25_vs_0.707,0.19,0.0361,16.640267881383174,0.7931356329918119,0.0021694362288715327,0.001638478785115168,2.6111121510313646,5.076142131979694,-37.17125545873763,,3.442278482129012,0.4916042915839249,0,1
powerplant_load_following,0.35_vs_0.707,0.19,0.0361,14.374727724460858,0.5336595715385279,0.002511351915109333,0.0010943717213354497,1.8847710474703459,2.444987775061132,-27.523222116467664,,6.703516686042076,1.3260695695003588,0,1
powerplant_load_following,0.15_vs_0.707,0.2,0.04000000000000001,18.185747046988674,1.372714337609845,0.002199524710018635,0.0041803276171569394,4.321602955987302,6.235011990407677,-47.6000924555229,,-6.778088664558584,-2.9767573288837625,0,0
powerplant_load_following,0.25_vs_0.707,0.2,0.04000000000000001,16.640267881383174,0.8422957320914713,0.002403807455813333,0.0018154889585763638,2.6111121510313646,5.076142131979694,-37.17125545873763,,2.624241264035335,0.3172802874020521,0,1
powerplant_load_following,0.35_vs_0.707,0.2,0.04000000000000001,14.374727724460858,0.5749972778846347,0.002782661401783195,0.0012126002452470359,1.8847710474703459,2.444987775061132,-27.523222116467664,,6.109298412563073,1.1803120989513327,0,1
missile_guidance,0.15_vs_0.707,0.0,0.0,4.838970008435965,0.0,0.0,0.0,4.538650896022082,6.479481641468679,-50.085251830196356,,4.838970008435965,4.838970008435965,0,1
missile_guidance,0.25_vs_0.707,0.0,0.0,4.428840851187814,0.0,0.0,0.0,2.7316175111688823,4.5662100456620935,-39.38952751873818,,4.428840851187814,4.428840851187814,0,1
missile_guidance,0.35_vs_0.707,0.0,0.0,3.826228841547988,0.0,0.0,0.0,1.960013817892265,2.6431718061674023,-29.337353543146307,,3.826228841547988,3.826228841547988,0,1
missile_guidance,0.15_vs_0.707,0.01,0.0001,4.838970008435965,0.06004147794950506,2.0665554823788146e-05,7.279395363145322e-05,4.538650896022082,6.479481641468679,-50.085251830196356,,4.54843109737614,3.861826940094394,0,1
missile_guidance,0.25_vs_0.707,0.01,0.0001,4.428840851187814,0.004091306206565058,2.2579271497908992e-05,3.1158746638043095e-05,2.7316175111688823,4.5662100456620935,-39.38952751873818,,4.41072110712546,3.807477595461713,0,1
missile_guidance,0.35_vs_0.707,0.01,0.0001,3.826228841547988,0.0006016757488015542,2.6135394442205586e-05,2.0526687320516348e-05,1.960013817892265,2.6431718061674023,-29.337353543146307,,3.8239266924446635,3.5135488895518794,0,1
missile_guidance,0.15_vs_0.707,0.02,0.0004,4.838970008435965,0.15467795472239873,8.266221929515258e-05,0.00029117581452581286,4.538650896022082,6.479481641468679,-50.085251830196356,,4.090488024568061,2.7589120630393293,0,1
missile_guidance,0.25_vs_0.707,0.02,0.0004,4.428840851187814,0.04116925345409896,9.031708599163597e-05,0.00012463498655217238,2.7316175111688823,4.5662100456620935,-39.38952751873818,,4.246508779677396,2.812163934306141,0,1
missile_guidance,0.35_vs_0.707,0.02,0.0004,3.826228841547988,0.0033603763639245363,0.00010454157776882234,8.210674928206539e-05,1.960013817892265,2.6431718061674023,-29.337353543146307,,3.813371272585884,2.6707119864751094,0,1
missile_guidance,0.15_vs_0.707,0.03,0.0009,4.838970008435965,0.2544663250565312,0.0001859899934140933,0.0006551455826830789,4.538650896022082,6.479481641468679,-50.085251830196356,,3.607615093330493,1.958338419471551,0,1
missile_guidance,0.25_vs_0.707,0.03,0.0009,4.428840851187814,0.09645003048232421,0.00020321344348118092,0.00028042871974238786,2.7316175111688823,4.5662100456620935,-39.38952751873818,,4.001679016089386,2.089640079308432,0,1
missile_guidance,0.35_vs_0.707,0.03,0.0009,3.826228841547988,0.0195405267518022,0.00023521854997985025,0.0001847401858846471,1.960013817892265,2.6431718061674023,-29.337353543146307,,3.751462314511203,2.0197723942650976,0,1
missile_guidance,0.15_vs_0.707,0.04,0.0016,4.838970008435965,0.34825933092959194,0.00033064887718061033,0.0011647032581032515,4.538650896022082,6.479481641468679,-50.085251830196356,,3.1537535509096934,1.4087799797776006,0,1
missile_guidance,0.25_vs_0.707,0.04,0.0016,4.428840851187814,0.1560737293432092,0.00036126834396654387,0.0004985399462086895,2.7316175111688823,4.5662100456620935,-39.38952751873818,,3.737615142875379,1.6080049665304108,0,1
missile_guidance,0.35_vs_0.707,0.04,0.0016,3.826228841547988,0.048959547149597805,0.00041816631107528937,0.00032842699712826157,1.960013817892265,2.6431718061674023,-29.337353543146307,,3.6388984101750688,1.5824168766886975,0,1
missile_guidance,0.15_vs_0.707,0.05,0.0025000000000000005,4.838970008435965,0.45480779143544275,0.0005166388705947037,0.0018198488407863305,4.538650896022082,6.479481641468679,-50.085251830196356,,2.6381687460768575,0.9897431255402159,0,1
missile_guidance,0.25_vs_0.707,0.05,0.0025000000000000005,4.428840851187814,0.2211956544614043,0.0005644817874477249,0.0007789686659510775,2.7316175111688823,4.5662100456620935,-39.38952751873818,,3.449200500603922,1.2594627808721146,0,1
missile_guidance,0.35_vs_0.707,0.05,0.0025000000000000005,3.826228841547988,0.08721313496162558,0.0006533848610551398,0.0005131671830129088,1.960013817892265,2.6431718061674023,-29.337353543146307,,3.4925314291959997,1.2723187348692504,0,1
missile_guidance,0.15_vs_0.707,0.06,0.0036,4.838970008435965,0.5542716765815385,0.0007439599736563732,0.0026205823307323154,4.538650896022082,6.479481641468679,-50.085251830196356,,2.156865988932381,0.6709802438414523,0,1
missile_guidance,0.25_vs_0.707,0.06,0.0036,4.428840851187814,0.2798875254075447,0.0008128537739247237,0.0011217148789695514,2.7316175111688823,4.5662100456620935,-39.38952751873818,,3.189263544925013,1.0111523690979636,0,1
missile_guidance,0.35_vs_0.707,0.06,0.0036,3.826228841547988,0.1262716788029659,0.000940874199919401,0.0007389607435385884,1.960013817892265,2.6431718061674023,-29.337353543146307,,3.3430845022413966,1.0532193963763805,0,1
missile_guidance,0.15_vs_0.707,0.07,0.004900000000000001,4.838970008435965,0.6484049159886656,0.001012612186365619,0.0035669037279412084,4.538650896022082,6.479481641468679,-50.085251830196356,,1.7013580666443708,0.42856342609818227,0,1
missile_guidance,0.25_vs_0.707,0.07,0.004900000000000001,4.428840851187814,0.3485256541004723,0.0011063843033975408,0.0015267785852641118,2.7316175111688823,4.5662100456620935,-39.38952751873818,,2.885276196620689,0.8224027675105662,0,1
missile_guidance,0.35_vs_0.707,0.07,0.004900000000000001,3.826228841547988,0.17862169148951315,0.0012806343276680738,0.0010058076787053012,1.960013817892265,2.6431718061674023,-29.337353543146307,,3.1427813738447266,0.8885743077961139,0,1
missile_guidance,0.15_vs_0.707,0.08,0.0064,4.838970008435965,0.7502121714887726,0.0013225955087224413,0.004658813032413006,4.538650896022082,6.479481641468679,-50.085251830196356,,1.2087158106381748,0.21742769000222972,0,1
missile_guidance,0.25_vs_0.707,0.08,0.0064,4.428840851187814,0.41472231789166136,0.0014450733758661755,0.001994159784834758,2.7316175111688823,4.5662100456620935,-39.38952751873818,,2.5921017078099253,0.6711039472152738,0,1
missile_guidance,0.35_vs_0.707,0.08,0.0064,3.826228841547988,0.22852786960005894,0.0016726652443011575,0.0013137079885130463,1.960013817892265,2.6431718061674023,-29.337353543146307,,2.951828915786725,0.7589077631744916,0,1
missile_guidance,0.15_vs_0.707,0.085,0.007225000000000001,4.838970008435965,0.8052415435199113,0.0014930863360186936,0.005259363149872496,4.538650896022082,6.479481641468679,-50.085251830196356,,0.9424303297964303,0.11226981191581879,0,1
missile_guidance,0.25_vs_0.707,0.085,0.007225000000000001,4.428840851187814,0.4498940734313344,0.001631352365723925,0.002251219444598614,2.7316175111688823,4.5662100456620935,-39.38952751873818,,2.4363316000678297,0.6089913457152843,0,1
missile_guidance,0.35_vs_0.707,0.085,0.007225000000000001,3.826228841547988,0.25417891844105756,0.0018882822484493538,0.0014830531589073066,1.960013817892265,2.6431718061674023,-29.337353543146307,,2.8536821328953406,0.708520027919041,0,1
missile_guidance,0.15_vs_0.707,0.09,0.0081,4.838970008435965,0.8471545808318697,0.0016739099407268394,0.00589631024414771,4.538650896022082,6.479481641468679,-50.085251830196356,,0.7396143992814062,0.011966645608710563,0,1
missile_guidance,0.25_vs_0.707,0.09,0.0081,4.428840851187814,0.4752135706212541,0.0018289209913306282,0.0025238584776814906,2.7316175111688823,4.5662100456620935,-39.38952751873818,,2.3241955765815785,0.5467959543218474,0,1
missile_guidance,0.35_vs_0.707,0.09,0.0081,3.826228841547988,0.27815178373639504,0.002116966949818652,0.0016626616729618242,1.960013817892265,2.6431718061674023,-29.337353543146307,,2.761956464287775,0.6519039173714424,0,1
missile_guidance,0.15_vs_0.707,0.095,0.009025,4.838970008435965,0.9029274429803403,0.00186506632284688,0.006569654315238653,4.538650896022082,6.479481641468679,-50.085251830196356,,0.46973119206032315,-0.05083700412726086,1,1
missile_guidance,0.25_vs_0.707,0.095,0.009025,4.428840851187814,0.5200680287583651,0.0020377792526862864,0.002812076884083389,2.7316175111688823,4.5662100456620935,-39.38952751873818,,2.1255423200260477,0.4915188502932451,0,1
missile_guidance,0.35_vs_0.707,0.095,0.009025,3.826228841547988,0.30597542990961046,0.002358719348409054,0.0018525335306766005,1.960013817892265,2.6431718061674023,-29.337353543146307,,2.655496826822792,0.6141553476629634,0,1
missile_guidance,0.15_vs_0.707,0.1,0.010000000000000002,4.838970008435965,0.9415053914682958,0.0020665554823788147,0.007279395363145322,4.538650896022082,6.479481641468679,-50.085251830196356,,0.28305365634011925,-0.12838448592787624,1,1
missile_guidance,0.25_vs_0.707,0.1,0.010000000000000002,4.428840851187814,0.5550128742698561,0.0022579271497908996,0.00311587466380431,2.7316175111688823,4.5662100456620935,-39.38952751873818,,1.9707771606863091,0.4368470969402217,0,1
missile_guidance,0.35_vs_0.707,0.1,0.010000000000000002,3.826228841547988,0.3388650673823241,0.002613539444220559,0.002052668732051635,1.960013817892265,2.6431718061674023,-29.337353543146307,,2.5296535473366375,0.5655546274367215,0,1
missile_guidance,0.15_vs_0.707,0.105,0.011024999999999998,4.838970008435965,0.9996572775227504,0.0022783774193226424,0.008025533387867715,4.538650896022082,6.479481641468679,-50.085251830196356,,0.0016584237886289265,-0.23558266666712216,1,1
missile_guidance,0.25_vs_0.707,0.105,0.011024999999999998,4.428840851187814,0.5687238362930351,0.002489364682644466,0.003435251816844251,2.7316175111688823,4.5662100456620935,-39.38952751873818,,1.910053491968969,0.38460926113263677,0,1
missile_guidance,0.35_vs_0.707,0.105,0.011024999999999998,3.826228841547988,0.35082287383511906,0.0028814272372531652,0.002263067277086927,1.960013817892265,2.6431718061674023,-29.337353543146307,,2.4839002434053046,0.5260455047913771,0,1
missile_guidance,0.15_vs_0.707,0.11,0.0121,4.838970008435965,1.0384764563605127,0.0025005321336783654,0.008808068389405838,4.538650896022082,6.479481641468679,-50.085251830196356,,-0.1861864183594163,-0.30615913391936805,0,0
missile_guidance,0.25_vs_0.707,0.11,0.0121,4.428840851187814,0.618066907175423,0.002732091851246988,0.0037702083432032143,2.7316175111688823,4.5662100456620935,-39.38952751873818,,1.6915208839219946,0.32827711711984187,0,1
missile_guidance,0.35_vs_0.707,0.11,0.0121,3.826228841547988,0.3877530504331162,0.0031623827275068755,0.002483729165782478,1.960013817892265,2.6431718061674023,-29.337353543146307,,2.3425969365825874,0.4782871985911209,0,1
missile_guidance,0.15_vs_0.707,0.115,0.013225,4.838970008435965,1.0883162193438762,0.002733019625445982,0.009627000367759687,4.538650896022082,6.479481641468679,-50.085251830196356,,-0.4273595366634694,-0.38163662333132353,0,0
missile_guidance,0.25_vs_0.707,0.115,0.013225,4.428840851187814,0.6520362743646008,0.0029861086555984643,0.0041207442428811995,2.7316175111688823,4.5662100456620935,-39.38952751873818,,1.5410759628255646,0.2774636629272376,0,1
missile_guidance,0.35_vs_0.707,0.115,0.013225,3.826228841547988,0.411914723464745,0.0034564059149816886,0.002714654398138287,1.960013817892265,2.6431718061674023,-29.337353543146307,,2.2501488463689174,0.44518029113227653,0,1
missile_guidance,0.15_vs_0.707,0.12,0.0144,4.838970008435965,1.1289824252367908,0.0029758398946254927,0.010482329322929262,4.538650896022082,6.479481641468679,-50.085251830196356,,-0.6241420873361643,-0.4538929080888898,0,0
missile_guidance,0.25_vs_0.707,0.12,0.0144,4.428840851187814,0.6593319692279809,0.0032514150956988947,0.004486859515878206,2.7316175111688823,4.5662100456620935,-39.38952751873818,,1.5087644913768254,0.25101091488256394,0,1
missile_guidance,0.35_vs_0.707,0.12,0.0144,3.826228841547988,0.4224609162734531,0.003763496799677604,0.0029558429741543537,1.960013817892265,2.6431718061674023,-29.337353543146307,,2.2097966992757123,0.42098563642194753,0,1
missile_guidance,0.15_vs_0.707,0.125,0.015625,4.838970008435965,1.1944959321715065,0.0032289929412168974,0.011374055254914564,4.538650896022082,6.479481641468679,-50.085251830196356,,-0.9411599825407165,-0.49862647878803257,0,0
missile_guidance,0.25_vs_0.707,0.125,0.015625,4.428840851187814,0.7230199034696627,0.00352801117154828,0.0048685541621942335,2.7316175111688823,4.5662100456620935,-39.38952751873818,,1.226700766479502,0.21406657081485955,0,1
missile_guidance,0.35_vs_0.707,0.125,0.015625,3.826228841547988,0.4778767083230573,0.0040836553815946225,0.0032072948938306795,1.960013817892265,2.6431718061674023,-29.337353543146307,,1.9977631974582912,0.3892277517982025,0,1
missile_guidance,0.15_vs_0.707,0.13,0.016900000000000002,4.838970008435965,1.2388114375522767,0.0034924787652201965,0.012302178163715594,4.538650896022082,6.479481641468679,-50.085251830196356,,-1.1556013839869452,-0.5822614020629793,0,0
missile_guidance,0.25_vs_0.707,0.13,0.016900000000000002,4.428840851187814,0.7477941741567145,0.00381589688314662,0.005265828181829284,2.7316175111688823,4.5662100456620935,-39.38952751873818,,1.1169794644023026,0.17240752366005174,0,1
missile_guidance,0.35_vs_0.707,0.13,0.016900000000000002,3.826228841547988,0.49505023224473316,0.004416881660732744,0.003469010157167263,1.960013817892265,2.6431718061674023,-29.337353543146307,,1.9320533649181604,0.3621413283896276,0,1
missile_guidance,0.15_vs_0.707,0.135,0.018225,4.838970008435965,1.2807527902313591,0.0037662973666353896,0.013266698049332348,4.538650896022082,6.479481641468679,-50.085251830196356,,-1.3585543317142608,-0.6467766069024032,0,0
missile_guidance,0.25_vs_0.707,0.135,0.018225,4.428840851187814,0.7740616709765175,0.004115072230493914,0.005678681574783354,2.7316175111688823,4.5662100456620935,-39.38952751873818,,1.0006449014283123,0.13522229770709485,0,1
missile_guidance,0.35_vs_0.707,0.135,0.018225,3.826228841547988,0.5118101260363861,0.004763175637091968,0.003740988764164105,1.960013817892265,2.6431718061674023,-29.337353543146307,,1.8679261759112564,0.3356914063441373,0,1
missile_guidance,0.15_vs_0.707,0.14,0.019600000000000003,4.838970008435965,1.328525070931379,0.004050448745462476,0.014267614911764833,4.538650896022082,6.479481641468679,-50.085251830196356,,-1.589722965256241,-0.7056288680642375,0,0
missile_guidance,0.25_vs_0.707,0.14,0.019600000000000003,4.428840851187814,0.8017582782001599,0.004425537213590163,0.006107114341056447,2.7316175111688823,4.5662100456620935,-39.38952751873818,,0.8779810359169418,0.10477080007992817,0,1
missile_guidance,0.35_vs_0.707,0.14,0.019600000000000003,3.826228841547988,0.5367857310878296,0.005122537310672295,0.004023230714821205,1.960013817892265,2.6431718061674023,-29.337353543146307,,1.7723637955283118,0.31286293344515514,0,1
missile_guidance,0.15_vs_0.707,0.145,0.021025,4.838970008435965,1.3921176757716565,0.004344932901701457,0.015304928751013037,4.538650896022082,6.479481641468679,-50.085251830196356,,-1.8974456728366638,-0.7971360554958393,0,0
missile_guidance,0.25_vs_0.707,0.145,0.021025,4.428840851187814,0.8459481129165302,0.004747291832435365,0.00655112648064856,2.7316175111688823,4.5662100456620935,-39.38952751873818,,0.6822712907178434,0.05691482327844024,0,1
missile_guidance,0.35_vs_0.707,0.145,0.021025,3.826228841547988,0.5700114009783815,0.005494966681473723,0.004315736009138562,1.960013817892265,2.6431718061674023,-29.337353543146307,,1.6452347791133293,0.28092236808546994,0,1
missile_guidance,0.15_vs_0.707,0.15,0.0225,4.838970008435965,1.4228930304179808,0.004649749835352332,0.016378639567076973,4.538650896022082,6.479481641468679,-50.085251830196356,,-2.0463666909692084,-0.8426974328617788,0,0
missile_guidance,0.25_vs_0.707,0.15,0.0225,4.428840851187814,0.8579628683879758,0.005080336087029523,0.007010717993559696,2.7316175111688823,4.5662100456620935,-39.38952751873818,,0.6290598508688732,0.026367537357312565,0,1
missile_guidance,0.35_vs_0.707,0.15,0.0225,3.826228841547988,0.5791492772406049,0.0058804637494962566,0.004618504647116178,1.960013817892265,2.6431718061674023,-29.337353543146307,,1.6102711734083137,0.258851416392372,0,1
missile_guidance,0.15_vs_0.707,0.16,0.0256,4.838970008435965,1.5259948375213266,0.005290382034889765,0.018635252129652023,4.538650896022082,6.479481641468679,-50.085251830196356,,-2.5452732433578475,-0.9834892935027455,0,0
missile_guidance,0.25_vs_0.707,0.16,0.0256,4.428840851187814,0.9324366363548349,0.005780293503464702,0.007976639139339032,2.7316175111688823,4.5662100456620935,-39.38952751873818,,0.2992273849553647,-0.052028129673345844,1,1
missile_guidance,0.35_vs_0.707,0.16,0.0256,3.826228841547988,0.63016074676325,0.00669066097720463,0.005254831954052185,1.960013817892265,2.6431718061674023,-29.337353543146307,,1.415089617471023,0.20972225402000605,0,1
missile_guidance,0.15_vs_0.707,0.17,0.028900000000000006,4.838970008435965,1.618027014749939,0.005972345344074774,0.021037452599489984,4.538650896022082,6.479481641468679,-50.085251830196356,,-2.990614188778167,-1.0573403861960595,0,0
missile_guidance,0.25_vs_0.707,0.17,0.028900000000000006,4.428840851187814,0.998292375509721,0.0065254094628957,0.009004877778394456,2.7316175111688823,4.5662100456620935,-39.38952751873818,,0.007562797101036717,-0.08709766406361434,1,1
missile_guidance,0.35_vs_0.707,0.17,0.028900000000000006,3.826228841547988,0.6999635943239365,0.007553128993797415,0.005932212635629226,1.960013817892265,2.6431718061674023,-29.337353543146307,,1.1480079489121464,0.1766910020342423,0,1
missile_guidance,0.15_vs_0.707,0.18,0.0324,4.838970008435965,1.7085949922895847,0.006695639762907358,0.02358524097659084,4.538650896022082,6.479481641468679,-50.085251830196356,,-3.4288699158172156,-1.1791409129036428,0,0
missile_guidance,0.25_vs_0.707,0.18,0.0324,4.428840851187814,1.0604950663879298,0.007315683965322513,0.010095433910725963,2.7316175111688823,4.5662100456620935,-39.38952751873818,,-0.26792302131418244,-0.1358180903715376,0,0
missile_guidance,0.35_vs_0.707,0.18,0.0324,3.826228841547988,0.7425842264095139,0.008467867799274609,0.006650646691847297,1.960013817892265,2.6431718061674023,-29.337353543146307,,0.9849316571813049,0.141697057980021,0,1
